{
    "target_eff_poses": [
        [
            [
                0.1339559257030487,
                0.785399854183197,
                0.363773375749588
            ],
            [
                -0.07507278770208359,
                0.6307927370071411,
                0.28366246819496155,
                0.7183315753936768
            ]
        ],
        [
            [
                -0.5235484838485718,
                -0.16523323953151703,
                0.3625867962837219
            ],
            [
                -0.609815239906311,
                -0.038748543709516525,
                0.7062446475028992,
                -0.35755065083503723
            ]
        ]
    ],
    "start_goal_config": [
        null,
        null
    ],
    "start_config": [
        [
            -2.894116401554845,
            -2.707203909476868,
            1.5765246342348247,
            -1.2540700770875044,
            -1.446698502364891,
            -1.0700358624976045e-05
        ],
        [
            -2.8855250036093896,
            -2.9014674627272594,
            1.7716282634459508,
            -1.0729121194280697,
            -1.661185966133687,
            4.699237511806771e-06
        ]
    ],
    "goal_config": [
        [
            -2.3688456594947533,
            -1.1937733260002725,
            1.2331683936989541,
            -1.804335426725616,
            -1.3131572326285517,
            -7.562964790655242e-06
        ],
        [
            -1.9648521326758908,
            -1.0990918110213839,
            1.1336447297929673,
            -1.8613761756721823,
            -1.1655965863643327,
            -2.0528405075906555e-05
        ]
    ],
    "base_poses": [
        [
            [
                -0.3843118536275312,
                0.3442896990626243,
                0.0
            ],
            [
                0.0,
                0.0,
                0.990340898123482,
                0.1386539054768201
            ]
        ],
        [
            [
                0.004297988584123225,
                0.3316520655701263,
                0.0
            ],
            [
                0.0,
                0.0,
                -0.3167738201582791,
                0.9485011053564093
            ]
        ]
    ],
    "difficulty": null,
    "dynamic_speed": null,
    "ur5_count": 2,
    "id": -1,
    "task_path": "benchmark\\2_easy.json",
    "obstacles": [
        {
            "urdf_file": "cube.urdf",
            "position": [
                0.3032874568582089,
                0.7558384648936054,
                0.23542026093205443
            ],
            "scale": 0.16047442210334265
        },
        {
            "urdf_file": "cube.urdf",
            "position": [
                -0.29731858448483894,
                -0.4860750598621104,
                0.5883007226242665
            ],
            "scale": 0.24925880356253394
        },
        {
            "urdf_file": "cube.urdf",
            "position": [
                -0.8526314506256776,
                -0.7256071419285639,
                0.5286568496584407
            ],
            "scale": 0.3024059778714337
        },
        {
            "urdf_file": "cube.urdf",
            "position": [
                -0.9700324429638858,
                -0.7489619478472578,
                0.13436885786798458
            ],
            "scale": 0.21505547853180415
        },
        {
            "urdf_file": "cube.urdf",
            "position": [
                -0.7353410537780756,
                -0.8994432701558752,
                0.42832022719608476
            ],
            "scale": 0.4272862990379197
        },
        {
            "urdf_file": "cube.urdf",
            "position": [
                0.1242532809221717,
                -0.49617199841394943,
                0.5532653724961087
            ],
            "scale": 0.15
        },
        {
            "urdf_file": "cube.urdf",
            "position": [
                0.424367383979547,
                0.42554737983646707,
                0.31460209037621983
            ],
            "scale": 0.15
        },
        {
            "urdf_file": "cube.urdf",
            "position": [
                0.1626536809210366,
                -0.4614414723904495,
                0.46253503633299414
            ],
            "scale": 0.15
        },
        {
            "urdf_file": "cube.urdf",
            "position": [
                -0.41213394463676456,
                -0.0774505505943055,
                0.6062856672881496
            ],
            "scale": 0.15
        }
    ]
}