{
    "target_eff_poses": [
        [
            [
                -0.5344914197921753,
                -0.35138028860092163,
                0.31464675068855286
            ],
            [
                0.8081997036933899,
                -0.09842908382415771,
                -0.49528053402900696,
                -0.3030216097831726
            ]
        ],
        [
            [
                0.15503744781017303,
                0.44215038418769836,
                0.27271121740341187
            ],
            [
                -0.0751311331987381,
                0.7763800621032715,
                0.25996679067611694,
                0.5692157745361328
            ]
        ],
        [
            [
                -0.8249902129173279,
                -0.6472212076187134,
                0.4992244839668274
            ],
            [
                -0.14350488781929016,
                0.5770854949951172,
                0.22127552330493927,
                0.7729268074035645
            ]
        ]
    ],
    "start_goal_config": [
        null,
        null,
        null
    ],
    "start_config": [
        [
            -2.939314430462145,
            -2.7516164112218755,
            1.7811641819715445,
            -1.1293096491947368,
            -1.6907714986490476,
            6.623823750321634e-18
        ],
        [
            -5.21388244788971,
            -1.1095404287163904,
            1.7530764300868151,
            -1.579857475045962,
            -2.568930759879784,
            6.268264339996987e-05
        ],
        [
            -2.1881462694323544,
            -1.1334373394327144,
            1.175878674807138,
            -1.8402302139651792,
            -1.2497194803081153,
            -1.4184163354624687e-06
        ]
    ],
    "goal_config": [
        [
            -3.4911259045545044,
            -2.5052034836401833,
            2.2061211718706604,
            -0.939905107257497,
            -1.9986663792165313,
            8.353886989261834e-06
        ],
        [
            -2.075569336787544,
            -1.387436845143855,
            1.6289659129219636,
            -1.5937612702558797,
            -1.238850765070111,
            -1.7615657793054994e-05
        ],
        [
            -2.8099231489528176,
            -2.455703123512305,
            1.8056369511828916,
            -1.2178380992881397,
            -1.5356988520649504,
            -2.1829766614165463e-06
        ]
    ],
    "base_poses": [
        [
            [
                -0.4343774624075143,
                -0.36028732460556134,
                0.0
            ],
            [
                0.0,
                0.0,
                -0.1596706189137739,
                0.9871703467262843
            ]
        ],
        [
            [
                -0.22259209396331858,
                0.04839991993558779,
                0.0
            ],
            [
                0.0,
                0.0,
                0.9636174807396386,
                0.2672851488822231
            ]
        ],
        [
            [
                -0.8652021104353036,
                -0.8016050955127423,
                0.0
            ],
            [
                0.0,
                0.0,
                0.9954489861819651,
                -0.09529593857713868
            ]
        ]
    ],
    "difficulty": null,
    "dynamic_speed": null,
    "ur5_count": 3,
    "id": -1,
    "task_path": "benchmark\\3_easy.json",
    "obstacles": []
}