{
    "obstacles": [
        {
            "urdf_file": "cube.urdf",
            "position": [
                            -1,
                            -0.4,
                            0.1
                        ],
            "scale": 0.25
        },
        {
            "urdf_file": "cube.urdf",
            "position": [
                            -1,
                            0.3,
                            0.10
                        ],
            "scale": 0.3
        },
        {
            "urdf_file": "cube.urdf",
            "position": [
                            -0.05,
                            -0.2,
                            0.4
                        ],
            "scale": 0.15
        }
    ],
    "target_eff_poses": [
        [
            [
                0.1950252205133438,
                -0.272365540266037,
                0.32572034001350403
            ],
            [
                0.08997556567192078,
                0.7809939980506897,
                0.09410948306322098,
                0.6108161211013794
            ]
        ],
        [
            [
                -1.3683890104293823,
                0.14992542564868927,
                0.16310752928256989
            ],
            [
                -0.6758925318717957,
                0.1235639825463295,
                0.7265561819076538,
                -0.004158476367592812
            ]
        ],
        [
            [
                -0.9318588376045227,
                -0.031401317566633224,
                0.09256711602210999
            ],
            [
                0.601500928401947,
                -0.37315836548805237,
                -0.512394905090332,
                -0.48621076345443726
            ]
        ]
    ],
    "start_goal_config": [
        null,
        null,
        null
    ],
    "start_config": [
        [
            -3.2183435309025796,
            -2.6227712087912454,
            1.6642529722768569,
            -1.2412862027121456,
            -1.9695339461292614,
            3.0183640066748053e-05
        ],
        [
            -5.2092451559003905,
            -0.8656886085750843,
            1.3128513478671389,
            -1.7713132167997503,
            -2.4919502811529752,
            3.0086130746571718e-05
        ],
        [
            -2.415988150063151,
            -1.3758568391940142,
            1.266838227873787,
            -1.7493067114067642,
            -1.334732437144984,
            -1.1347342194103004e-05
        ]
    ],
    "goal_config": [
        [
            -2.211078291466391,
            -1.706668321532411,
            1.8097068340169937,
            -1.4354867134976164,
            -1.3032287172511874,
            -1.0308091157832717e-05
        ],
        [
            -2.6928040941958176,
            -0.8279202199988064,
            1.1303048982496284,
            -1.929009276791373,
            -1.3842532269286212,
            -1.0467870647670587e-05
        ],
        [
            -4.131802090564557,
            -0.7195457821815525,
            1.1096861137900131,
            -1.9588309972999456,
            -1.774710657672858,
            1.6080173905699955e-05
        ]
    ],
    "base_poses": [
        [
            [
                -0.19418729497544107,
                -0.4308494152069779,
                0.0
            ],
            [
                0.0,
                0.0,
                0.9021030528468871,
                0.4315206623608266
            ]
        ],
        [
            [
                -0.5932918502088269,
                0.14812657797170703,
                0.0
            ],
            [
                0.0,
                0.0,
                -0.30691246925364424,
                0.9517377455037868
            ]
        ],
        [
            [
                -0.6547751175295139,
                -0.7618153305486338,
                0.0
            ],
            [
                0.0,
                0.0,
                -0.1614047143237848,
                0.9868883007686622
            ]
        ]
    ],
    "difficulty": 0.7086111371959808,
    "dynamic_speed": null
}