{
    "target_eff_poses": [
        [
            [
                -0.7066640853881836,
                -0.7409137487411499,
                0.5305011868476868
            ],
            [
                -0.41878506541252136,
                0.2881981432437897,
                0.4830147922039032,
                0.7129218578338623
            ]
        ],
        [
            [
                0.36605826020240784,
                -0.4602706730365753,
                0.46906277537345886
            ],
            [
                0.4782330393791199,
                0.4569738507270813,
                -0.46368566155433655,
                0.5894604921340942
            ]
        ]
    ],
    "start_goal_config": [
        null,
        null
    ],
    "start_config": [
        [
            -1.467245649837575,
            -1.662988300625059,
            2.1423095835173767,
            -1.3330399208248218,
            -0.6439895778796025,
            -2.0326602760018416e-05
        ],
        [
            -2.1267531433851308,
            -2.0650375352982704,
            1.6027973729379321,
            -1.428578496156291,
            -1.1614306914426915,
            -2.11847205763746e-05
        ]
    ],
    "goal_config": [
        [
            -3.202402956953188,
            -2.668179774008602,
            1.7657169184594026,
            -1.172541904437224,
            -1.9433811702034682,
            2.034252690107358e-05
        ],
        [
            -2.592829134199809,
            -1.865850796209238,
            1.6366078562393573,
            -1.4668155992116891,
            -1.4292035607533955,
            -1.3789963264231606e-06
        ]
    ],
    "base_poses": [
        [
            [
                -0.6448836527513602,
                -0.7475407826301634,
                0.0
            ],
            [
                0.0,
                0.0,
                -0.687919200941176,
                0.725787278048089
            ]
        ],
        [
            [
                0.2037906656722257,
                -0.1058205056176934,
                0.0
            ],
            [
                -0.0,
                -0.0,
                0.5304099382012735,
                0.8477412915844794
            ]
        ]
    ],
    "difficulty": 0.10380622837370242
}