{
    "target_eff_poses": [
        [
            [
                -0.04713418707251549,
                0.30614417791366577,
                0.3850190341472626
            ],
            [
                -0.502227783203125,
                -0.5004590749740601,
                0.6944504380226135,
                -0.12266422063112259
            ]
        ],
        [
            [
                -0.2685253918170929,
                0.6685824394226074,
                0.7223489880561829
            ],
            [
                -0.33319181203842163,
                -0.18917477130889893,
                0.9233981966972351,
                0.02306358702480793
            ]
        ],
        [
            [
                0.4394347667694092,
                -0.037059590220451355,
                0.14772018790245056
            ],
            [
                0.6211381554603577,
                0.722091019153595,
                0.01534285582602024,
                0.30419814586639404
            ]
        ],
        [
            [
                -0.12494568526744843,
                -0.3371044397354126,
                0.43676069378852844
            ],
            [
                0.14949050545692444,
                0.68075031042099,
                -0.6253233551979065,
                0.35100194811820984
            ]
        ]
    ],
    "start_goal_config": [
        null,
        null,
        null,
        null
    ],
    "start_config": [
        [
            -2.531818657774308,
            -2.0431119366146775,
            1.5282782982122245,
            -1.4702542011149533,
            -1.3770506483954494,
            -4.0575095423511814e-07
        ],
        [
            -2.9528317345046826,
            -2.9617324313237243,
            1.6093776660737038,
            -1.1590984287648796,
            -0.6413066642507953,
            -2.3812733409092113e-06
        ],
        [
            -1.5714119291788795,
            -0.7578570498636749,
            1.1809460438859725,
            -1.9053836275304452,
            -0.957316424606649,
            -2.693863093740072e-05
        ],
        [
            -3.0224245913177072,
            -1.7847411077163606,
            1.297807884683703,
            -1.6430196166030229,
            -1.531392020746119,
            1.952455742965454e-06
        ]
    ],
    "goal_config": [
        [
            -3.547437767323637,
            -2.7085978906161015,
            2.09866636436906,
            -0.9554806584222609,
            -2.179598932547244,
            9.601311973453432e-10
        ],
        [
            -4.050413272025112,
            -2.122068426710411,
            1.315578954945898,
            -1.548677997958325,
            -2.112174737062534,
            3.139175668626846e-05
        ],
        [
            -1.7934465949012741,
            -1.7497055610220855,
            2.3697755258636044,
            -1.2390748936029874,
            -0.8100197110803833,
            -9.159205300656273e-08
        ],
        [
            -4.039976731844302,
            -2.5376898408720137,
            2.032036090992082,
            -1.0936095295564008,
            -2.4139400146750547,
            1.9820046990676745e-07
        ]
    ],
    "base_poses": [
        [
            [
                -0.058476346044391336,
                0.3505501025749118,
                0.0
            ],
            [
                -0.0,
                -0.0,
                0.6304675999862419,
                0.7762155663007462
            ]
        ],
        [
            [
                -0.11690131427737982,
                0.79755667706079,
                0.0
            ],
            [
                -0.0,
                -0.0,
                0.6443197085476442,
                0.764756244287733
            ]
        ],
        [
            [
                0.14231681022270448,
                -0.058094683062307695,
                0.0
            ],
            [
                -0.0,
                -0.0,
                0.5368755217289111,
                0.8436614689366284
            ]
        ],
        [
            [
                -0.1628099275146584,
                -0.25412507656744265,
                0.0
            ],
            [
                0.0,
                0.0,
                0.9822779315391647,
                0.1874301608897035
            ]
        ]
    ],
    "difficulty": 0.9684002633311389,
    "dynamic_speed": null
}