{
    "target_eff_poses": [
        [
            [
                0.06368142366409302,
                0.6733908653259277,
                0.633202314376831
            ],
            [
                -0.035178620368242264,
                0.4734909236431122,
                0.5039113759994507,
                0.7215553522109985
            ]
        ],
        [
            [
                0.09505005180835724,
                -0.44616639614105225,
                0.48502838611602783
            ],
            [
                -0.34049513936042786,
                0.542071521282196,
                0.4222741723060608,
                0.6417991518974304
            ]
        ],
        [
            [
                -0.11857444792985916,
                -0.32401716709136963,
                0.3162025511264801
            ],
            [
                -0.5834479928016663,
                0.608251690864563,
                -0.12734490633010864,
                0.5228781700134277
            ]
        ],
        [
            [
                0.4061046838760376,
                0.7646486759185791,
                0.8194770216941833
            ],
            [
                -0.16905544698238373,
                0.039411015808582306,
                0.7849737405776978,
                0.5947126746177673
            ]
        ]
    ],
    "start_goal_config": [
        null,
        null,
        null,
        null
    ],
    "start_config": [
        [
            -3.0051547834172667,
            -1.539315362682638,
            1.2468938143411608,
            -1.7240148212244786,
            -1.5092745377398056,
            1.657851590520065e-06
        ],
        [
            -2.419540739494994,
            -2.318310855767643,
            2.2350761312401555,
            -0.9993106223785128,
            -1.3932832508031279,
            -1.324544264809006e-13
        ],
        [
            -4.734949450363114,
            -2.0472517898191636,
            1.584103893374885,
            -1.413170934688892,
            -2.673238815430922,
            2.9764645334892605e-05
        ],
        [
            -3.969734832462844,
            -1.7491646526955293,
            1.4845269294590584,
            -1.5647050212391702,
            -1.8222930797152737,
            2.4182163938808607e-05
        ]
    ],
    "goal_config": [
        [
            -1.8120680822983015,
            -1.5885431600069309,
            1.1667856132102694,
            -1.730357630761895,
            -1.0353134921515013,
            -2.372415970400989e-05
        ],
        [
            -2.8573275233803623,
            -2.237703025960381,
            1.7818230531893433,
            -1.2963523681229092,
            -1.5497023075389003,
            1.5187538442797858e-06
        ],
        [
            -4.285450053085437,
            -2.499940592226663,
            2.3052870704032062,
            -0.9418484144120421,
            -2.5742766629668234,
            8.942308978056047e-06
        ],
        [
            -3.248623528714088,
            -2.293836840419087,
            1.1096058036203558,
            -1.6084054262885739,
            -1.9901869313474183,
            2.5813983942188538e-05
        ]
    ],
    "base_poses": [
        [
            [
                -0.20595544861930137,
                0.22728939535348247,
                0.0
            ],
            [
                0.0,
                0.0,
                0.9483257536235141,
                0.3172983848278998
            ]
        ],
        [
            [
                0.1114104761396233,
                -0.6798914266830143,
                0.0
            ],
            [
                0.0,
                0.0,
                0.9092709355246346,
                -0.41620471622767075
            ]
        ],
        [
            [
                -0.20604225502456364,
                -0.37420104701242957,
                0.0
            ],
            [
                0.0,
                0.0,
                -0.6713426389621452,
                0.7411471251454348
            ]
        ],
        [
            [
                0.45611884045216344,
                0.7924188438332957,
                0.0
            ],
            [
                0.0,
                0.0,
                -0.3756962583642893,
                0.926742856164035
            ]
        ]
    ],
    "difficulty": 0.8739772406658516,
    "dynamic_speed": null,
    "ur5_count": 4,
    "id": "135093",
    "task_path": "/home/hqh2101/workspace-sharing-multiarm/src/data/8f14d7-hard-vlo-tasks/135093.json"
}