{
    "target_eff_poses": [
        [
            [
                -0.2606992721557617,
                0.8183480501174927,
                0.5699836611747742
            ],
            [
                -0.5282679200172424,
                0.1515035778284073,
                0.75331050157547,
                0.361252099275589
            ]
        ],
        [
            [
                0.2650615870952606,
                0.3882281482219696,
                0.5192244648933411
            ],
            [
                -0.5906093716621399,
                0.1892147660255432,
                0.6223530769348145,
                0.477551132440567
            ]
        ],
        [
            [
                -0.39686620235443115,
                0.2315148115158081,
                0.2853209972381592
            ],
            [
                0.6958075165748596,
                -0.5020961165428162,
                -0.1848430335521698,
                -0.479149729013443
            ]
        ],
        [
            [
                0.25071612000465393,
                -0.1952177733182907,
                0.24576357007026672
            ],
            [
                0.13189606368541718,
                0.7169943451881409,
                0.08876048773527145,
                0.6787077188491821
            ]
        ]
    ],
    "start_goal_config": [
        null,
        null,
        null,
        null
    ],
    "start_config": [
        [
            -5.1358213703547975,
            -1.5891077794967312,
            1.2248545298124094,
            -1.6246522494241784,
            -2.631997138825128,
            -8.281954658070311e-05
        ],
        [
            -3.502137945257015,
            -2.8099276333499383,
            2.1025782105007202,
            -0.9135303928012524,
            -2.2809888994431597,
            1.1128654736435662e-05
        ],
        [
            -3.1937090509131036,
            -2.4887758679255776,
            1.406509222657112,
            -1.4088155228763646,
            -1.9451180234999836,
            2.830381336524226e-07
        ],
        [
            -3.973807223329217,
            -1.117096352846432,
            1.1064736528256183,
            -1.87833097718106,
            -1.7417881826688453,
            1.1953506118297663e-05
        ]
    ],
    "goal_config": [
        [
            -3.6963285699801873,
            -1.7735797728948395,
            1.3956130311107695,
            -1.599938603199707,
            -1.7386621793867443,
            1.4422639028419243e-05
        ],
        [
            -3.9888932364691567,
            -2.05676514900597,
            1.6602461775862434,
            -1.4071315408526823,
            -1.9152578543314278,
            3.2218034173824127e-06
        ],
        [
            -4.365391670082072,
            -2.0472862546774295,
            2.1514515508540732,
            -1.1828395845278998,
            -2.1483333831026457,
            4.207081012351255e-08
        ],
        [
            -2.1849480873817293,
            -1.1248246950156358,
            1.3757294757643572,
            -1.7586973733452487,
            -1.2588341623144992,
            -1.9596891711771866e-05
        ]
    ],
    "base_poses": [
        [
            [
                0.10882624085829529,
                0.6069720821411624,
                0.0
            ],
            [
                0.0,
                0.0,
                -0.08574551299029501,
                0.9963170715199209
            ]
        ],
        [
            [
                0.480302987669774,
                0.1923123007062063,
                0.0
            ],
            [
                0.0,
                0.0,
                -0.05858546470135842,
                0.9982823965821124
            ]
        ],
        [
            [
                -0.41765760730069135,
                0.002121509755775852,
                0.0
            ],
            [
                0.0,
                0.0,
                -0.2973790565331887,
                0.9547594968029544
            ]
        ],
        [
            [
                -0.40609859859518505,
                -0.31034935964120686,
                0.0
            ],
            [
                0.0,
                0.0,
                0.8755261192030789,
                0.4831707923635245
            ]
        ]
    ],
    "difficulty": 0.8876140317878304,
    "dynamic_speed": null
}