{
    "target_eff_poses": [
        [
            [
                -0.18387219309806824,
                -0.8837907314300537,
                0.2986239492893219
            ],
            [
                0.4283750355243683,
                0.6646329760551453,
                -0.3051132261753082,
                0.5307199358940125
            ]
        ],
        [
            [
                0.3804643750190735,
                0.5427537560462952,
                0.24379897117614746
            ],
            [
                -0.5217918753623962,
                0.49249598383903503,
                0.25047820806503296,
                0.6499550938606262
            ]
        ]
    ],
    "start_goal_config": [
        null,
        null
    ],
    "start_config": [
        [
            -4.122511546282676,
            -2.000659805738736,
            1.618323914197776,
            -1.4408498839289463,
            -1.947243602329739,
            2.8020914337153448e-05
        ],
        [
            -3.9438217417929278,
            -2.100576751283122,
            1.5838561211216773,
            -1.4307879767383576,
            -1.9238001433810705,
            2.6859650940090538e-05
        ]
    ],
    "goal_config": [
        [
            -2.901991663781685,
            -1.5857183756803903,
            1.755004690392512,
            -1.4869005377135527,
            -1.5200388482902398,
            4.155638604893332e-06
        ],
        [
            -4.676417056223019,
            -1.0634712188689688,
            1.3128712470858745,
            -1.7905384651919567,
            -2.01723121423056,
            3.3243268671371765e-05
        ]
    ],
    "base_poses": [
        [
            [
                -0.48827706658080516,
                -0.5464210308916202,
                0.0
            ],
            [
                -0.0,
                -0.0,
                0.7857186740831394,
                0.618584000113997
            ]
        ],
        [
            [
                0.17271081973974067,
                -0.104521164678272,
                0.0
            ],
            [
                0.0,
                0.0,
                -0.21072224347490706,
                0.9775459764660187
            ]
        ]
    ],
    "difficulty": 0.35314586664158754,
    "dynamic_speed": null
}