{
    "target_eff_poses": [
        [
            [
                -0.11752019077539444,
                0.22263723611831665,
                0.6921493411064148
            ],
            [
                0.1639866679906845,
                0.353391170501709,
                -0.43044665455818176,
                0.8142104744911194
            ]
        ],
        [
            [
                -0.34508436918258667,
                -0.8488840460777283,
                0.7528161406517029
            ],
            [
                0.08769701421260834,
                0.3269047141075134,
                -0.634456217288971,
                0.6949157118797302
            ]
        ]
    ],
    "start_goal_config": [
        null,
        null
    ],
    "start_config": [
        [
            -2.065574729136508,
            -1.6438323493837226,
            1.1875961570568216,
            -1.7182520732983102,
            -1.170673562683861,
            -1.7079736364318063e-05
        ],
        [
            -3.235315375307698,
            -2.9897496721986387,
            1.3675131001358283,
            -1.2619281472768331,
            -0.894091567717517,
            -3.392091037302352e-05
        ]
    ],
    "goal_config": [
        [
            -3.108578876506176,
            -2.2313228184107023,
            1.3815688249360913,
            -1.4914740505269073,
            -1.6226539738621866,
            5.889410104939617e-06
        ],
        [
            -3.942375038607407,
            -2.098456561822803,
            1.2393692596684407,
            -1.591920783832055,
            -2.0486906403925293,
            3.6163384335214566e-05
        ]
    ],
    "base_poses": [
        [
            [
                -0.29378396348937474,
                0.2852723767167693,
                0.0
            ],
            [
                0.0,
                0.0,
                0.8884246575289323,
                0.4590224699234225
            ]
        ],
        [
            [
                -0.48980609466414066,
                -0.7141458658408335,
                0.0
            ],
            [
                0.0,
                0.0,
                0.994943519774652,
                0.10043601176085538
            ]
        ]
    ],
    "difficulty": 0.21121337340345606,
    "dynamic_speed": null,
    "ur5_count": 2,
    "id": "135049",
    "task_path": "/home/hqh2101/workspace-sharing-multiarm/src/data/8f14d7-hard-vlo-tasks/135049.json"
}