{
    "target_eff_poses": [
        [
            [
                -0.2198551893234253,
                -0.14904648065567017,
                0.7351243495941162
            ],
            [
                -0.22191745042800903,
                -0.16223615407943726,
                0.9403234720230103,
                -0.20055893063545227
            ]
        ],
        [
            [
                -0.6968280076980591,
                0.4039527177810669,
                0.10947626829147339
            ],
            [
                0.8914903998374939,
                -0.008538992144167423,
                -0.4483051896095276,
                -0.0647648498415947
            ]
        ]
    ],
    "start_goal_config": [
        null,
        null
    ],
    "start_config": [
        [
            -2.78807367905166,
            -2.0905041650215797,
            1.9039146551373463,
            -1.2788780642742363,
            -1.530866574241297,
            2.6636196108158185e-06
        ],
        [
            -2.5403739894393835,
            -2.039495284494569,
            2.063235660110287,
            -1.2158214631274493,
            -1.448171427363984,
            -7.175667555631453e-07
        ]
    ],
    "goal_config": [
        [
            -3.215765900102005,
            -2.4358292154408585,
            1.3181052115931344,
            -1.4668964246846798,
            -1.9919585410037208,
            1.954935545574035e-05
        ],
        [
            -3.639288425565303,
            -1.2424082412571933,
            1.844339614370592,
            -1.5420921674687584,
            -1.7046832895982338,
            1.1876588013904986e-05
        ]
    ],
    "base_poses": [
        [
            [
                -0.26229972951862845,
                -0.11249668337642083,
                0.0
            ],
            [
                -0.0,
                -0.0,
                0.44198355569986014,
                0.8970231527061655
            ]
        ],
        [
            [
                -0.22736611963422593,
                0.4244237132707587,
                0.0
            ],
            [
                -0.0,
                -0.0,
                0.17147771588917016,
                0.9851879987867458
            ]
        ]
    ],
    "difficulty": 0.5459418790557697,
    "dynamic_speed": null
}