{
    "target_eff_poses": [
        [
            [
                -0.7738040089607239,
                -1.2053948640823364,
                0.22633060812950134
            ],
            [
                0.709449827671051,
                0.45681822299957275,
                -0.480771541595459,
                0.23844648897647858
            ]
        ],
        [
            [
                -0.23093730211257935,
                0.23422324657440186,
                0.26585012674331665
            ],
            [
                -0.3276018500328064,
                0.8035826683044434,
                0.23281452059745789,
                0.43900948762893677
            ]
        ]
    ],
    "start_goal_config": [
        null,
        null
    ],
    "start_config": [
        [
            -2.3056946837983783,
            -3.1313441917595393,
            2.2748571543673446,
            -0.31286996621902996,
            -0.7262693980631282,
            -2.670109479882027e-14
        ],
        [
            -2.431012676953194,
            -2.8552155844608023,
            1.1853544738085575,
            -1.402440502464239,
            -2.3994168361770387,
            -3.254449252385468e-05
        ]
    ],
    "goal_config": [
        [
            -3.5004371721399887,
            -1.5060867637691644,
            1.8433673979250529,
            -1.4702119576298187,
            -1.6824523553701265,
            1.5739897043354616e-05
        ],
        [
            -2.531315638178229,
            -2.402610415807653,
            2.275056648591674,
            -0.9125421109592019,
            -1.470300493354187,
            -7.232645751065597e-06
        ]
    ],
    "base_poses": [
        [
            [
                -0.635366810116315,
                -0.7888933880311289,
                0.0
            ],
            [
                -0.0,
                -0.0,
                0.640905892298122,
                0.7676194612029765
            ]
        ],
        [
            [
                -0.1955802072566628,
                0.08597371214181904,
                0.0
            ],
            [
                0.0,
                0.0,
                0.9912724600736538,
                -0.1318290935246332
            ]
        ]
    ],
    "difficulty": 0.23562570462232243,
    "dynamic_speed": null
}