{
    "target_eff_poses": [
        [
            [
                0.554073691368103,
                -0.22913092374801636,
                0.15281815826892853
            ],
            [
                -0.6648657321929932,
                0.666645348072052,
                -0.006568112876266241,
                0.33688920736312866
            ]
        ],
        [
            [
                -1.0473419427871704,
                -0.4289107918739319,
                0.6053467392921448
            ],
            [
                -0.5120452642440796,
                0.04260306432843208,
                0.8573203086853027,
                0.031568702310323715
            ]
        ]
    ],
    "start_goal_config": [
        null,
        null
    ],
    "start_config": [
        [
            -3.131368458285147,
            -2.6324194253182256,
            1.6308657378290279,
            -1.2539993812143941,
            -1.8930855986425343,
            2.62749286899358e-05
        ],
        [
            -3.165027325571852,
            -2.672964537555778,
            1.168089725715176,
            -1.4730496163806277,
            -1.2082993667878845,
            -2.407662416729054e-05
        ]
    ],
    "goal_config": [
        [
            -4.824382342346965,
            -1.6066183997498993,
            2.2352338686042024,
            -1.315956400096913,
            -2.374332392332153,
            2.330025147039176e-05
        ],
        [
            -2.8980530091986925,
            -2.114989677023372,
            1.5121684892234195,
            -1.4595197331948335,
            -1.5245929576564907,
            2.137629085930594e-06
        ]
    ],
    "base_poses": [
        [
            [
                0.3538759160508589,
                -0.44274774312722887,
                0.0
            ],
            [
                0.0,
                0.0,
                -0.34017683308068347,
                0.9403614848744055
            ]
        ],
        [
            [
                -0.7875401792997471,
                -0.344202660390836,
                0.0
            ],
            [
                0.0,
                0.0,
                -0.18067904652271385,
                0.9835421100022321
            ]
        ]
    ],
    "difficulty": 0.14511426690491866,
    "dynamic_speed": null
}