{
    "target_eff_poses": [
        [
            [
                -0.5363466143608093,
                -0.9642174243927002,
                0.29658645391464233
            ],
            [
                0.4007408916950226,
                0.6995427012443542,
                -0.5658230781555176,
                0.17289018630981445
            ]
        ],
        [
            [
                -0.15044870972633362,
                0.4275094270706177,
                0.31985244154930115
            ],
            [
                -0.13580766320228577,
                0.6423465609550476,
                0.32275646924972534,
                0.6817443370819092
            ]
        ]
    ],
    "start_goal_config": [
        null,
        null
    ],
    "start_config": [
        [
            -2.9722592395200276,
            -3.204881057205324,
            1.3547275242597001,
            -1.1420302184266173,
            -1.5169367264687028,
            -3.5391136557805813e-06
        ],
        [
            -2.98596182024615,
            -2.6626167353758197,
            2.12789796893143,
            -0.9143201626217745,
            -1.7694196927297041,
            7.040266885293907e-06
        ]
    ],
    "goal_config": [
        [
            -5.032720337540574,
            -1.475492195869243,
            1.7249972588704972,
            -1.515688265666436,
            -2.324815655560662,
            2.6364398909419335e-05
        ],
        [
            -2.4542760184299204,
            -1.132057862075756,
            1.2389556184745105,
            -1.8160247402705125,
            -1.3369863083228126,
            -1.3174831326572382e-05
        ]
    ],
    "base_poses": [
        [
            [
                -0.4489996818362377,
                -0.4893450402885545,
                0.0
            ],
            [
                0.0,
                0.0,
                0.998832058520214,
                -0.04831685908947151
            ]
        ],
        [
            [
                -0.6086164997909308,
                -0.09616924826109285,
                0.0
            ],
            [
                0.0,
                0.0,
                0.9998306421150691,
                0.018403453147948137
            ]
        ]
    ],
    "difficulty": 0.6379196840026333,
    "dynamic_speed": null
}