{
    "target_eff_poses": [
        [
            [
                0.16343452036380768,
                0.42246732115745544,
                0.8239584565162659
            ],
            [
                -0.130718395113945,
                0.06716708838939667,
                0.7432636618614197,
                0.6526564359664917
            ]
        ]
    ],
    "start_goal_config": [
        null
    ],
    "start_config": [
        [
            -3.2900340540636437,
            -2.581238657342957,
            2.202212693337633,
            -0.8952530715093403,
            -1.935751211789649,
            1.1361196878979758e-05
        ]
    ],
    "goal_config": [
        [
            -3.119386938939221,
            -2.321528904155467,
            1.0880775741681066,
            -1.6131370233532276,
            -1.8167840505964366,
            1.835672467743667e-05
        ]
    ],
    "base_poses": [
        [
            [
                0.23114531554461193,
                0.46200131077470163,
                0.0
            ],
            [
                0.0,
                0.0,
                -0.5717916896442733,
                0.820398844254273
            ]
        ]
    ],
    "difficulty": 0.0,
    "dynamic_speed": null
}