{
    "target_eff_poses": [
        [
            [
                0.37317660450935364,
                0.40419793128967285,
                0.29799097776412964
            ],
            [
                0.6435316205024719,
                0.4368230402469635,
                -0.603690505027771,
                -0.17495830357074738
            ]
        ],
        [
            [
                -0.5906116366386414,
                -0.6944689750671387,
                0.3930404484272003
            ],
            [
                0.7097645998001099,
                0.3063304126262665,
                -0.5758177638053894,
                -0.26613882184028625
            ]
        ],
        [
            [
                -1.1276742219924927,
                -0.6485770344734192,
                0.2877553105354309
            ],
            [
                0.7572081089019775,
                -0.01549141388386488,
                -0.6031769514083862,
                0.2501468360424042
            ]
        ],
        [
            [
                0.4629492461681366,
                -0.6538522243499756,
                0.6423527598381042
            ],
            [
                0.24167121946811676,
                0.39750075340270996,
                -0.7064789533615112,
                0.5333626866340637
            ]
        ]
    ],
    "start_goal_config": [
        null,
        null,
        null,
        null
    ],
    "start_config": [
        [
            -5.182046164977382,
            -1.4095811788557149,
            1.3384184942579793,
            -1.6319519430727851,
            -2.5103832013166754,
            -3.9690678525026456e-05
        ],
        [
            -4.807101805715372,
            -1.4647584357818837,
            1.8516942677962915,
            -1.4864882528041963,
            -2.167429107072576,
            2.3283765786830853e-05
        ],
        [
            -2.991140982061107,
            -2.56941377878629,
            1.3243289136206726,
            -1.4247717260233008,
            -1.6848995442908916,
            -5.487258988291961e-07
        ],
        [
            -2.8176040348989493,
            -3.0579740505910635,
            1.6090035861426777,
            -1.0967052211844646,
            -1.8528085659329856,
            2.1796755034737758e-05
        ]
    ],
    "goal_config": [
        [
            -3.1990967989083976,
            -3.156368358091916,
            2.219174952632896,
            -0.4221522205768037,
            -2.4492344741278265,
            -2.1719089897812115e-05
        ],
        [
            -5.007326188193608,
            -1.808185011712911,
            1.8226106806156064,
            -1.3887410792939692,
            -2.411184264507432,
            1.4765137456853934e-05
        ],
        [
            -1.8928902860567338,
            -1.3371134870428347,
            1.5507838519469106,
            -1.636712396814699,
            -1.1572161721799126,
            -2.009213904968939e-05
        ],
        [
            -3.750975025838706,
            -2.230783761039426,
            1.4949660473053523,
            -1.4380413279014979,
            -1.9486777120681675,
            2.626156922232377e-05
        ]
    ],
    "base_poses": [
        [
            [
                0.2585315000215249,
                0.3764873127960946,
                0.0
            ],
            [
                -0.0,
                -0.0,
                0.18480791147776646,
                0.9827746617893779
            ]
        ],
        [
            [
                -0.222256405046508,
                -0.6915452260385611,
                0.0
            ],
            [
                -0.0,
                -0.0,
                0.7956740836115253,
                0.605724981050773
            ]
        ],
        [
            [
                -0.6668860073026054,
                -0.29515669557332236,
                0.0
            ],
            [
                0.0,
                0.0,
                -0.42415130251790367,
                0.9055913386138175
            ]
        ],
        [
            [
                0.3843566020441944,
                -0.48419595225305323,
                0.0
            ],
            [
                0.0,
                0.0,
                0.9087610877989699,
                0.417316768537322
            ]
        ]
    ],
    "difficulty": 0.7835400225479143,
    "dynamic_speed": null
}