{
    "target_eff_poses": [
        [
            [
                -0.3475225269794464,
                -0.17940707504749298,
                0.48919644951820374
            ],
            [
                -0.11422735452651978,
                0.33070024847984314,
                -0.05848772078752518,
                0.9349698424339294
            ]
        ],
        [
            [
                0.15253660082817078,
                0.43777069449424744,
                0.5795062780380249
            ],
            [
                0.13250207901000977,
                0.056016430258750916,
                0.8776618838310242,
                0.4571816623210907
            ]
        ]
    ],
    "start_goal_config": [
        null,
        null
    ],
    "start_config": [
        [
            -2.825374439803639,
            -2.9831192406938323,
            1.7869245981837323,
            -1.023046421183969,
            -1.3439017318939936,
            -1.4351497959072562e-05
        ],
        [
            -4.8406189083329005,
            -1.340444704444323,
            1.8171101160797984,
            -1.5337904855150337,
            -2.177829986799991,
            3.027478074722438e-05
        ]
    ],
    "goal_config": [
        [
            -2.796337968279219,
            -3.0921836392204582,
            1.6969055280933425,
            -1.0314373356046422,
            -1.9658704303978862,
            1.8592892618228617e-05
        ],
        [
            -2.497490313142964,
            -3.0720720771047456,
            1.0135592789564263,
            -1.3718265101082592,
            -2.4510885196804018,
            -4.103187833055802e-05
        ]
    ],
    "base_poses": [
        [
            [
                -0.1357888613206477,
                -0.18211848209547876,
                0.0
            ],
            [
                0.0,
                0.0,
                0.9992946543236991,
                0.03755254771754864
            ]
        ],
        [
            [
                -0.4003288939859568,
                0.49114915825568306,
                0.0
            ],
            [
                0.0,
                0.0,
                -0.3542739304223168,
                0.9351416909875869
            ]
        ]
    ],
    "difficulty": 0.4056240007523747,
    "dynamic_speed": null
}