{
    "target_eff_poses": [
        [
            [
                0.13703510165214539,
                -0.2983234226703644,
                0.3835570514202118
            ],
            [
                0.2793194055557251,
                0.500028133392334,
                -0.3984887897968292,
                0.716351330280304
            ]
        ],
        [
            [
                0.7545487284660339,
                0.23517625033855438,
                0.4817061424255371
            ],
            [
                0.309520959854126,
                0.5342770218849182,
                0.2564259469509125,
                0.7436333298683167
            ]
        ]
    ],
    "start_goal_config": [
        null,
        null
    ],
    "start_config": [
        [
            -3.0516114118748527,
            -3.021462156619342,
            1.154102513123832,
            -1.3454967546102787,
            -1.4489226601526892,
            7.75983581863551e-06
        ],
        [
            -3.0198237152859964,
            -2.3066690090254713,
            1.1375244219548095,
            -1.5921474292162536,
            -1.5413451180946274,
            -1.7497599055391506e-07
        ]
    ],
    "goal_config": [
        [
            -2.757181781152169,
            -3.0587970572084675,
            1.9633082760684502,
            -0.8263800176626656,
            -1.569017411601833,
            1.0877860962344028e-15
        ],
        [
            -1.3257745402296117,
            -1.3371064422580996,
            1.236780686796472,
            -1.7102249931554654,
            -0.7136511030889717,
            -3.3993497405568785e-05
        ]
    ],
    "base_poses": [
        [
            [
                0.10208496945123424,
                -0.44979779401833986,
                0.0
            ],
            [
                -0.0,
                -0.0,
                0.7643629974670778,
                0.644786172388292
            ]
        ],
        [
            [
                0.12507076322667898,
                0.1468714831722382,
                0.0
            ],
            [
                -0.0,
                -0.0,
                0.5365691838937999,
                0.8438563330896685
            ]
        ]
    ],
    "difficulty": 0.4991065550644221,
    "dynamic_speed": null
}