{
    "target_eff_poses": [
        [
            [
                -0.33617180585861206,
                -0.40692025423049927,
                0.4165816009044647
            ],
            [
                -0.435761958360672,
                0.13707728683948517,
                0.8063402771949768,
                0.375681608915329
            ]
        ],
        [
            [
                -0.16688035428524017,
                0.39395996928215027,
                0.1917652040719986
            ],
            [
                -0.01367876399308443,
                0.8054622411727905,
                -0.12045992910861969,
                0.5801144242286682
            ]
        ],
        [
            [
                -0.6465492844581604,
                -0.4915880560874939,
                0.6997359991073608
            ],
            [
                -0.2792655825614929,
                0.2684054374694824,
                0.7867023944854736,
                0.4806959331035614
            ]
        ]
    ],
    "start_goal_config": [
        null,
        null,
        null
    ],
    "start_config": [
        [
            -1.8972536735594936,
            -1.722370935848449,
            1.4287373550471059,
            -1.5890917723698619,
            -1.1119049565884465,
            -2.261219184414294e-05
        ],
        [
            -2.6003047955891683,
            -2.488079707814858,
            1.54485932702312,
            -1.3395110583527767,
            -1.086452927812045,
            -2.4692464886579356e-05
        ],
        [
            -3.8852406446350436,
            -2.838938761781601,
            2.2037366207392495,
            -0.9235054660996644,
            -2.8574530690189746,
            -2.3025118411160986e-06
        ]
    ],
    "goal_config": [
        [
            -2.8262084555570994,
            -3.1456355320435643,
            1.8380588882075803,
            -0.8851962201005943,
            -1.7020326966776234,
            -2.0727225381132447e-08
        ],
        [
            -4.02541002758751,
            -1.211728307838363,
            1.5932074226443846,
            -1.6497634359147921,
            -1.7925101045079446,
            2.0864041054686427e-05
        ],
        [
            -2.6767719127236713,
            -2.2019547265880823,
            1.36276561645018,
            -1.5069153483955937,
            -1.3537035640379291,
            -1.007448398191989e-05
        ]
    ],
    "base_poses": [
        [
            [
                -0.4001210839649771,
                -0.22358038518739698,
                0.0
            ],
            [
                0.0,
                0.0,
                -0.5038751238785545,
                0.8637765101786291
            ]
        ],
        [
            [
                -0.7379413413910202,
                0.4204432050677005,
                0.0
            ],
            [
                0.0,
                0.0,
                0.940042937219898,
                -0.34105611881769093
            ]
        ],
        [
            [
                -0.47130682963990544,
                -0.6189872385000053,
                0.0
            ],
            [
                0.0,
                0.0,
                -0.776723284077819,
                0.6298419960365995
            ]
        ]
    ],
    "difficulty": 0.8755751713775941,
    "dynamic_speed": null
}