{
    "target_eff_poses": [
        [
            [
                -0.3874727189540863,
                0.48108112812042236,
                0.4529460668563843
            ],
            [
                0.6289894580841064,
                0.2753050923347473,
                -0.536141574382782,
                0.49105146527290344
            ]
        ],
        [
            [
                -0.17541411519050598,
                0.28208377957344055,
                0.2924302816390991
            ],
            [
                -0.24322611093521118,
                0.711291491985321,
                0.09525895118713379,
                0.6525574326515198
            ]
        ]
    ],
    "start_goal_config": [
        null,
        null
    ],
    "start_config": [
        [
            -2.9289300685837767,
            -2.583500502861085,
            1.7055098191532407,
            -1.2292316500131264,
            -1.6064250374137088,
            2.3884167791513418e-06
        ],
        [
            -4.418617680183478,
            -0.9148969577182257,
            1.102376217050512,
            -1.9162282893923785,
            -1.8803707315673663,
            2.0984710292667213e-05
        ]
    ],
    "goal_config": [
        [
            -2.195647534128817,
            -2.130108031625885,
            1.8166053702690055,
            -1.3144780485198206,
            -1.2418393946176163,
            -1.4312383986088114e-05
        ],
        [
            -3.881398401151123,
            -1.3637164048786121,
            1.5525247141638066,
            -1.6290398332095506,
            -1.7553252706441125,
            1.999832432738057e-05
        ]
    ],
    "base_poses": [
        [
            [
                -0.42484141408243464,
                0.770089510665388,
                0.0
            ],
            [
                -0.0,
                -0.0,
                0.10388471776541126,
                0.9945893451142541
            ]
        ],
        [
            [
                -0.6255743076171584,
                -0.04500226760550985,
                0.0
            ],
            [
                0.0,
                0.0,
                -0.8212874010183061,
                0.5705146842357312
            ]
        ]
    ],
    "difficulty": 0.18359454508446976
}