{
    "target_eff_poses": [
        [
            [
                -0.26974746584892273,
                0.49861857295036316,
                0.8267630934715271
            ],
            [
                -0.039323460310697556,
                0.21448731422424316,
                -0.4786275029182434,
                0.850508451461792
            ]
        ],
        [
            [
                0.40095511078834534,
                0.5640976428985596,
                0.431262344121933
            ],
            [
                0.6335737109184265,
                -0.30886417627334595,
                -0.5448219180107117,
                -0.4542645514011383
            ]
        ],
        [
            [
                -0.5176656246185303,
                0.28670427203178406,
                0.7985899448394775
            ],
            [
                0.1114535927772522,
                0.10553907603025436,
                -0.2702418565750122,
                0.9504782557487488
            ]
        ]
    ],
    "start_goal_config": [
        null,
        null,
        null
    ],
    "start_config": [
        [
            -3.7347354508260673,
            -1.8535657208243321,
            1.3184693388017887,
            -1.6163969210323073,
            -1.7681808562759629,
            1.0928265267732261e-17
        ],
        [
            -2.4091618944194364,
            -1.2458446302412967,
            1.3029143609650389,
            -1.7628642712466482,
            -1.3318653467404253,
            -5.758979547319485e-06
        ],
        [
            -2.534209968266557,
            -2.8766372339609902,
            1.2989118915409081,
            -1.3393154261341627,
            -2.2781875946338483,
            -7.313849268698262e-09
        ]
    ],
    "goal_config": [
        [
            -3.689145620009111,
            -2.1671339999628465,
            1.103642488787777,
            -1.6384189649833794,
            -2.264764082734966,
            3.820527531593753e-05
        ],
        [
            -3.5784293037616273,
            -2.1708265984622566,
            1.868023498031006,
            -1.2743609921838754,
            -1.8122074779209831,
            2.363901182474006e-05
        ],
        [
            -2.969457358611923,
            -2.4311963133173364,
            1.1492832159671347,
            -1.5514728638551967,
            -1.0351580076418143,
            -7.773732421400904e-07
        ]
    ],
    "base_poses": [
        [
            [
                -0.356307541133797,
                0.5008854749604426,
                0.0
            ],
            [
                0.0,
                0.0,
                0.9941541561305697,
                -0.10796996734423421
            ]
        ],
        [
            [
                0.5663682794104128,
                0.38640431014292953,
                0.0
            ],
            [
                0.0,
                0.0,
                -0.3484057747150032,
                0.9373438089331141
            ]
        ],
        [
            [
                -0.6384348197382187,
                0.13881189317673803,
                0.0
            ],
            [
                -0.0,
                -0.0,
                0.80749766926802,
                0.5898707605287071
            ]
        ]
    ],
    "difficulty": 0.7684863290425632,
    "dynamic_speed": null
}