{
    "target_eff_poses": [
        [
            [
                -0.13648654520511627,
                0.15804292261600494,
                0.2548680007457733
            ],
            [
                0.13585834205150604,
                0.8711164593696594,
                -0.03829476237297058,
                0.4703531563282013
            ]
        ],
        [
            [
                0.6036452054977417,
                -0.14384594559669495,
                0.22789551317691803
            ],
            [
                -0.4413514733314514,
                0.8412643671035767,
                -0.2754686772823334,
                0.14697027206420898
            ]
        ],
        [
            [
                -0.8698768615722656,
                -0.18382617831230164,
                0.5267450213432312
            ],
            [
                -0.3258686363697052,
                0.3110882639884949,
                0.09572187811136246,
                0.8876210451126099
            ]
        ]
    ],
    "start_goal_config": [
        null,
        null,
        null
    ],
    "start_config": [
        [
            -3.92594751258011,
            -2.263625997489031,
            1.4525507404549227,
            -1.4483586129594677,
            -2.1780042998814073,
            2.8453577203946244e-05
        ],
        [
            -2.956666849923386,
            -2.4745725889157315,
            2.157764668054691,
            -0.9804626406626652,
            -1.69982394079367,
            4.928635357860815e-11
        ],
        [
            -3.2191408967356008,
            -1.7870132594963113,
            1.135023105962914,
            -1.720334887131932,
            -1.5832050691631292,
            6.668130793750153e-06
        ]
    ],
    "goal_config": [
        [
            -2.5440932308402866,
            -2.552384509786744,
            2.3211081324642535,
            -0.7516332259385183,
            -1.4973261415756858,
            -6.867180020090944e-06
        ],
        [
            -5.373296102346841,
            -1.547064799821898,
            2.110234087314292,
            -1.1982119214797338,
            -3.1346394924519188,
            2.15069100333109e-05
        ],
        [
            -3.0554492460843288,
            -2.8782630437799757,
            1.7722719596089374,
            -1.1008991700006823,
            -2.271979244561176,
            1.808194609997374e-05
        ]
    ],
    "base_poses": [
        [
            [
                -0.19858009415591193,
                0.05089738463500759,
                0.0
            ],
            [
                0.0,
                0.0,
                0.9144178527140241,
                0.4047715289368477
            ]
        ],
        [
            [
                0.2870154335934454,
                0.09684268905914484,
                0.0
            ],
            [
                0.0,
                0.0,
                -0.6843488045222852,
                0.729154794093078
            ]
        ],
        [
            [
                -0.7893040930632558,
                -0.1203973001197648,
                0.0
            ],
            [
                0.0,
                0.0,
                0.9151368725327627,
                -0.40314328039910846
            ]
        ]
    ],
    "difficulty": 0.9023863209319805,
    "dynamic_speed": null
}