{
    "target_eff_poses": [
        [
            [
                -0.6107127070426941,
                0.28256866335868835,
                0.18171840906143188
            ],
            [
                -0.6103991866111755,
                0.6942681074142456,
                0.17099089920520782,
                0.340832382440567
            ]
        ],
        [
            [
                0.016657192260026932,
                -0.012685270048677921,
                0.5036622881889343
            ],
            [
                0.2570297122001648,
                0.28332993388175964,
                -0.48229825496673584,
                0.7880661487579346
            ]
        ],
        [
            [
                0.4756867587566376,
                0.4023877680301666,
                0.3913514018058777
            ],
            [
                -0.3622068166732788,
                -0.3230215609073639,
                0.86622554063797,
                -0.11881379783153534
            ]
        ],
        [
            [
                -0.6219401955604553,
                -0.6278243064880371,
                0.19524744153022766
            ],
            [
                0.9487068057060242,
                0.005919705610722303,
                -0.13061374425888062,
                0.2878548204898834
            ]
        ]
    ],
    "start_goal_config": [
        null,
        null,
        null,
        null
    ],
    "start_config": [
        [
            -2.2320480011469006,
            -1.4316482709629534,
            1.4832679073125097,
            -1.6416913839277754,
            -1.2915301760129603,
            -1.339437408184555e-05
        ],
        [
            -3.3405681310029087,
            -1.9852886130294873,
            2.3492271711693586,
            -1.0628857064797719,
            -1.8012213209362709,
            4.002554704750356e-10
        ],
        [
            -4.3078217176865286,
            -1.500410571719218,
            1.6205795126054587,
            -1.5663973913993121,
            -1.9076898880044353,
            3.358358469644915e-05
        ],
        [
            -1.5807033335498033,
            -1.244162466884551,
            1.8879600587687742,
            -1.5572810371188235,
            -0.9111299113047813,
            -1.8580005767684312e-05
        ]
    ],
    "goal_config": [
        [
            -3.6611733005067704,
            -1.7788375375049452,
            2.220011052133291,
            -1.2236199795966858,
            -1.827003194205868,
            2.453354594397285e-07
        ],
        [
            -2.892340737505193,
            -2.9979212407569813,
            1.706984346456014,
            -1.0655617901410162,
            -1.3832401555194946,
            1.1109397607511822e-05
        ],
        [
            -2.830635912698685,
            -3.2302415399601934,
            1.8961853788880212,
            -0.7940891681758614,
            -2.162747330989722,
            -2.3250495530281822e-05
        ],
        [
            -1.573967880966808,
            -1.9135162018784706,
            2.406974651109666,
            -1.1366819215172355,
            -0.432213953479982,
            -1.3174857848303504e-05
        ]
    ],
    "base_poses": [
        [
            [
                -0.6317897944305602,
                0.027378883810034393,
                0.0
            ],
            [
                0.0,
                0.0,
                -0.6578094495420453,
                0.7531843918279184
            ]
        ],
        [
            [
                -0.06779282050661295,
                -0.19894957347494757,
                0.0
            ],
            [
                -0.0,
                -0.0,
                0.7195795097599393,
                0.6944100583471161
            ]
        ],
        [
            [
                0.3219655954222538,
                0.27859114836762267,
                0.0
            ],
            [
                -0.0,
                -0.0,
                0.2732824904601793,
                0.9619338232996499
            ]
        ],
        [
            [
                -0.7414593454222855,
                -0.3381430494531399,
                0.0
            ],
            [
                0.0,
                0.0,
                -0.20677971317294785,
                0.9783875255848847
            ]
        ]
    ],
    "difficulty": 0.82132456552372,
    "dynamic_speed": null,
    "ur5_count": 4,
    "id": "135014",
    "task_path": "/home/hqh2101/workspace-sharing-multiarm/src/data/8f14d7-hard-vlo-tasks/135014.json"
}