{
    "target_eff_poses": [
        [
            [
                0.24570029973983765,
                -0.33987924456596375,
                0.14260506629943848
            ],
            [
                -0.5904682874679565,
                0.7014749050140381,
                0.11200903356075287,
                0.383059024810791
            ]
        ]
    ],
    "start_goal_config": [
        null
    ],
    "start_config": [
        [
            -3.9950323650578174,
            -1.6983477882436677,
            1.9664052696456864,
            -1.3679119468200718,
            -1.8606567562585679,
            2.2597319532428905e-05
        ]
    ],
    "goal_config": [
        [
            -4.34872861140153,
            -1.4675022913119105,
            2.055962074595396,
            -1.4095183814379175,
            -1.9859875711084145,
            2.2730741037599618e-05
        ]
    ],
    "base_poses": [
        [
            [
                0.094597224809568,
                -0.6696760301936955,
                0.0
            ],
            [
                0.0,
                0.0,
                -0.45745678108846943,
                0.8892318558374841
            ]
        ]
    ],
    "difficulty": 0.0,
    "dynamic_speed": null
}