{
    "target_eff_poses": [
        [
            [
                0.48934972286224365,
                -0.9113958477973938,
                0.4495910406112671
            ],
            [
                -0.5494792461395264,
                -0.310352623462677,
                0.6086077690124512,
                -0.480989009141922
            ]
        ],
        [
            [
                -0.1600930392742157,
                0.08064687997102737,
                0.7276394367218018
            ],
            [
                -0.02992292121052742,
                0.36859214305877686,
                0.14624689519405365,
                0.9175272583961487
            ]
        ],
        [
            [
                -1.036129117012024,
                0.9574759006500244,
                0.5142877697944641
            ],
            [
                -0.07318856567144394,
                -0.1202702671289444,
                -0.20411671698093414,
                0.9687697887420654
            ]
        ],
        [
            [
                -0.5076623558998108,
                -0.365347295999527,
                0.6381857395172119
            ],
            [
                -0.49423205852508545,
                0.26784417033195496,
                -0.009624181315302849,
                0.8269833922386169
            ]
        ]
    ],
    "start_goal_config": [
        null,
        null,
        null,
        null
    ],
    "start_config": [
        [
            -1.875195986416231,
            -2.2251408216197994,
            2.2584880584627745,
            -1.0669980112165425,
            -0.926000374729269,
            -1.342183327373815e-05
        ],
        [
            -3.217540740104293,
            -1.8428278402285585,
            2.085827493379063,
            -1.2632821446614395,
            -1.6656717321942125,
            1.221209300762309e-05
        ],
        [
            -3.464615691844442,
            -2.49767826510972,
            1.528936699147261,
            -1.348913363555251,
            -2.2441895894447677,
            2.9390812295683216e-05
        ],
        [
            -3.9954257505700888,
            -1.7386417187200793,
            1.5880416291305974,
            -1.5212195795120793,
            -1.8311967705403467,
            2.089603121229786e-05
        ]
    ],
    "goal_config": [
        [
            -2.642323467072667,
            -1.5015711074969673,
            1.3918589652576545,
            -1.6660213684026215,
            -1.4161352824738795,
            -4.745640987874964e-06
        ],
        [
            -2.939694579656581,
            -1.8641218340453327,
            1.166636933089932,
            -1.6865089869247072,
            -1.4937399063767474,
            1.9930980307182393e-06
        ],
        [
            -3.101807263410803,
            -3.208679508028976,
            1.0599392572998272,
            -1.2753758462235874,
            -1.231726181824234,
            1.822293236956426e-05
        ],
        [
            -5.053651278499998,
            -1.7643230496085682,
            1.362300349248332,
            -1.545670609354858,
            -2.656584434798675,
            -6.013399538477571e-05
        ]
    ],
    "base_poses": [
        [
            [
                0.5732779066410356,
                -0.36441122297366224,
                0.0
            ],
            [
                -0.0,
                -0.0,
                0.33521879897243895,
                0.942140306332064
            ]
        ],
        [
            [
                -0.45925819225392,
                -0.11491457750942402,
                0.0
            ],
            [
                0.0,
                0.0,
                0.9998272879468802,
                -0.01858478616466363
            ]
        ],
        [
            [
                -0.7419144209654484,
                0.47183506962591415,
                0.0
            ],
            [
                0.0,
                0.0,
                0.9221909177127126,
                0.38673493673081194
            ]
        ],
        [
            [
                -0.7023720049813044,
                -0.7027991105031124,
                0.0
            ],
            [
                0.0,
                0.0,
                -0.08342235374739716,
                0.996514280326802
            ]
        ]
    ],
    "difficulty": 0.9119691845170989,
    "dynamic_speed": null
}