{
    "target_eff_poses": [
        [
            [
                -0.011656799353659153,
                -0.692671000957489,
                0.7530155181884766
            ],
            [
                -0.19743762910366058,
                -0.17764392495155334,
                0.8871137499809265,
                -0.37747886776924133
            ]
        ]
    ],
    "start_goal_config": [
        null
    ],
    "start_config": [
        [
            -3.008582644199858,
            -2.6204982167155966,
            1.315036748984679,
            -1.4138895037853056,
            -1.2302088933619109,
            -2.4913635677660202e-05
        ]
    ],
    "goal_config": [
        [
            -3.247119237387921,
            -2.369122921359881,
            1.2727777591321459,
            -1.5076030367069724,
            -1.9012044222264557,
            2.4418316947549568e-05
        ]
    ],
    "base_poses": [
        [
            [
                -0.06016865050467979,
                -0.6381921620448925,
                0.0
            ],
            [
                -0.0,
                -0.0,
                0.5812597907591673,
                0.8137180443167087
            ]
        ]
    ],
    "difficulty": 0.0
}