{
    "target_eff_poses": [
        [
            [
                -0.7492738366127014,
                0.051085129380226135,
                0.4442216455936432
            ],
            [
                -0.3470841944217682,
                0.29451024532318115,
                0.6089306473731995,
                0.6496151089668274
            ]
        ],
        [
            [
                0.6539751291275024,
                0.9157169461250305,
                0.3621758222579956
            ],
            [
                -0.5846631526947021,
                0.5143052339553833,
                0.2910575866699219,
                0.5558280944824219
            ]
        ],
        [
            [
                -0.3044494092464447,
                -0.5476317405700684,
                0.10775884240865707
            ],
            [
                -0.44332489371299744,
                -0.5137991309165955,
                0.6421718597412109,
                -0.35649511218070984
            ]
        ],
        [
            [
                0.13388293981552124,
                0.215950608253479,
                0.16696755588054657
            ],
            [
                0.07183153927326202,
                0.9656545519828796,
                -0.24905700981616974,
                -0.017949653789401054
            ]
        ]
    ],
    "start_goal_config": [
        null,
        null,
        null,
        null
    ],
    "start_config": [
        [
            -4.178604097736856,
            -2.6041423590625,
            2.2812182257185887,
            -0.9260218147545092,
            -2.625643349201213,
            1.4861285055695042e-05
        ],
        [
            -1.5124966953536148,
            -2.246508089436037,
            2.556293461735686,
            -0.8567197799924826,
            -0.029446450155671173,
            -1.2266375290613504e-05
        ],
        [
            -4.926837476576058,
            -1.6008442776577196,
            1.7345684082018973,
            -1.4853903738612213,
            -2.2535130399657373,
            2.416349528105982e-05
        ],
        [
            -4.43706408846945,
            -2.3310857739171524,
            2.1819940643021027,
            -1.0813333666042946,
            -2.4386383655910695,
            -3.372882767652295e-06
        ]
    ],
    "goal_config": [
        [
            -2.84639435096054,
            -3.0634697418830332,
            1.8220702851364132,
            -0.9550064775572354,
            -1.6848744344587825,
            4.060225956635393e-06
        ],
        [
            -4.0189265249503725,
            -2.0383430891033827,
            1.955830511774942,
            -1.27396567572872,
            -1.937743641820438,
            1.9993811255915927e-17
        ],
        [
            -4.552327047407668,
            -0.6760504553029648,
            1.0224075540414934,
            -1.9961724712509714,
            -1.9229145253529498,
            2.648705740059322e-05
        ],
        [
            -5.256426420912656,
            -1.5084150642984253,
            2.2445677367398407,
            -1.240898041393021,
            -3.139289093685389,
            1.6622113992154393e-06
        ]
    ],
    "base_poses": [
        [
            [
                -0.6621780560117001,
                0.2000380119593297,
                0.0
            ],
            [
                0.0,
                0.0,
                -0.7884423457609251,
                0.6151086630921482
            ]
        ],
        [
            [
                0.6517058425406772,
                0.6424357006000905,
                0.0
            ],
            [
                0.0,
                0.0,
                -0.4495578670398902,
                0.893251210009001
            ]
        ],
        [
            [
                -0.20357941721907824,
                0.2530711376057575,
                0.0
            ],
            [
                0.0,
                0.0,
                0.9833788751486104,
                0.18156538191916877
            ]
        ],
        [
            [
                0.20734430263111592,
                0.5717281111897081,
                0.0
            ],
            [
                0.0,
                0.0,
                0.9802803962675746,
                -0.19761160060453695
            ]
        ]
    ],
    "difficulty": 0.9164864102322957
}