{
    "target_eff_poses": [
        [
            [
                -0.5281022191047668,
                0.4102422893047333,
                0.7755885124206543
            ],
            [
                -0.0025268299505114555,
                0.0031690418254584074,
                0.861383318901062,
                0.5079388618469238
            ]
        ],
        [
            [
                0.8385013937950134,
                0.6933213472366333,
                0.47892069816589355
            ],
            [
                -0.11792244017124176,
                0.6448346972465515,
                -0.21874961256980896,
                0.7227939963340759
            ]
        ]
    ],
    "start_goal_config": [
        null,
        null
    ],
    "start_config": [
        [
            -3.8290197978977876,
            -1.263017473835711,
            1.3718938672165075,
            -1.7300643353517613,
            -1.7234602438222273,
            1.4426375409668847e-05
        ],
        [
            -1.7431400908538552,
            -2.1838175717970256,
            2.115120890905077,
            -1.1692839793625829,
            -0.7944857905057868,
            -1.6441088432616428e-05
        ]
    ],
    "goal_config": [
        [
            -3.2240200148608897,
            -2.649958751086794,
            1.0553351717200241,
            -1.5388526581779225,
            -1.2030733805741087,
            -2.499491194144393e-05
        ],
        [
            -3.9763089060023415,
            -2.2928044720875307,
            1.8389402004488424,
            -1.2579529305034431,
            -2.0455540250772066,
            2.348995250423517e-05
        ]
    ],
    "base_poses": [
        [
            [
                -0.40958769437120535,
                0.6910708705599233,
                0.0
            ],
            [
                0.0,
                0.0,
                -0.6252430235732658,
                0.7804301131254231
            ]
        ],
        [
            [
                0.6524327160183814,
                0.6643914238743722,
                0.0
            ],
            [
                0.0,
                0.0,
                0.9355917874411052,
                -0.3530835698142267
            ]
        ]
    ],
    "difficulty": 0.18743534280071475,
    "dynamic_speed": null
}