{
    "target_eff_poses": [
        [
            [
                0.3374735414981842,
                0.49319976568222046,
                0.44240283966064453
            ],
            [
                -0.5143566727638245,
                -0.11154110729694366,
                0.8328322768211365,
                -0.17142385244369507
            ]
        ]
    ],
    "start_goal_config": [
        null
    ],
    "start_config": [
        [
            -4.1691508750204065,
            -2.1482535526873523,
            1.6640089672730722,
            -1.381330775048267,
            -2.053150282081685,
            2.4727760352724656e-05
        ]
    ],
    "goal_config": [
        [
            -2.816622356266915,
            -2.9366686716022383,
            1.8833392160518094,
            -0.9797479186641728,
            -1.5813474538447765,
            -1.3526081263056826e-06
        ]
    ],
    "base_poses": [
        [
            [
                0.22127527539872327,
                0.5596455890829761,
                0.0
            ],
            [
                -0.0,
                -0.0,
                0.045771262234480845,
                0.9989519465687338
            ]
        ]
    ],
    "difficulty": 0.0,
    "dynamic_speed": null,
    "ur5_count": 1,
    "id": "135089",
    "task_path": "/home/huy/programming/projects/workspace-sharing-multiarm/src/data/8f14d7-hard-vlo-tasks/135089.json"
}