{
    "target_eff_poses": [
        [
            [
                -0.4716937243938446,
                -0.08202216774225235,
                0.38071122765541077
            ],
            [
                0.668725311756134,
                -0.08364951610565186,
                -0.6636762022972107,
                -0.3245660662651062
            ]
        ],
        [
            [
                -0.13360020518302917,
                0.1173209697008133,
                0.6376854777336121
            ],
            [
                0.07311611622571945,
                0.3466727137565613,
                -0.617402195930481,
                0.7023435831069946
            ]
        ],
        [
            [
                0.3846835792064667,
                -0.8735629320144653,
                0.2249869853258133
            ],
            [
                0.654737114906311,
                0.5560423135757446,
                -0.4742415249347687,
                0.19295383989810944
            ]
        ]
    ],
    "start_goal_config": [
        null,
        null,
        null
    ],
    "start_config": [
        [
            -3.592292701825278,
            -2.1303003414944404,
            1.6712746066908102,
            -1.3813603935577656,
            -1.7944897755498244,
            1.1595050230419447e-05
        ],
        [
            -2.875458336719364,
            -2.5790619696758084,
            1.2101504817636264,
            -1.478796531636775,
            -1.942589727883196,
            -2.7583257401476835e-05
        ],
        [
            -3.334043346385316,
            -2.572457773763224,
            1.661903691267291,
            -1.2594283690986519,
            -2.017295105905745,
            2.5649704348701062e-05
        ]
    ],
    "goal_config": [
        [
            -3.0724886836150676,
            -2.81704615076031,
            2.0585261432301065,
            -0.9040233867212597,
            -1.9011981264091553,
            1.8695451622882234e-07
        ],
        [
            -3.0912340361664037,
            -2.65218136759367,
            1.533216305548525,
            -1.2982815500329432,
            -2.0840908306076753,
            3.249610508185018e-05
        ],
        [
            -4.147486073516158,
            -1.5657707054679737,
            1.918514181552539,
            -1.4277410185121528,
            -1.8884363585738355,
            2.220610043504752e-05
        ]
    ],
    "base_poses": [
        [
            [
                -0.44555618589987456,
                -0.019088115369454428,
                0.0
            ],
            [
                0.0,
                0.0,
                -0.3185452767441348,
                0.9479076466956063
            ]
        ],
        [
            [
                -0.1361820196753072,
                0.04508617855688413,
                0.0
            ],
            [
                0.0,
                0.0,
                0.882496773390201,
                0.4703184505799068
            ]
        ],
        [
            [
                0.5062755283252798,
                -0.49181603688124176,
                0.0
            ],
            [
                0.0,
                0.0,
                0.8665249527316327,
                0.4991337559146262
            ]
        ]
    ],
    "difficulty": 0.8667356343459043,
    "dynamic_speed": null
}