{
    "target_eff_poses": [
        [
            [
                -0.02456139214336872,
                0.3894415497779846,
                0.7321261763572693
            ],
            [
                -0.05746719613671303,
                0.2467842847108841,
                0.011287296190857887,
                0.9672991633415222
            ]
        ],
        [
            [
                0.8272876739501953,
                0.18530745804309845,
                0.42008671164512634
            ],
            [
                -0.08513098210096359,
                0.7250145673751831,
                0.4125562310218811,
                0.5448889136314392
            ]
        ]
    ],
    "start_goal_config": [
        null,
        null
    ],
    "start_config": [
        [
            -3.045789363341515,
            -2.3655961648566524,
            1.1017671619839087,
            -1.5948315449020773,
            -1.6559640553657013,
            5.797886990304572e-06
        ],
        [
            -3.9257562024184005,
            -1.6695632848991668,
            1.3035013700130973,
            -1.666022568364099,
            -1.7926500264830973,
            2.0608863767069968e-05
        ]
    ],
    "goal_config": [
        [
            -3.069853656205112,
            -2.4787049265881835,
            1.3087168236726265,
            -1.4592403242997536,
            -1.787940650860342,
            1.5081545111516498e-05
        ],
        [
            -1.904840979876902,
            -2.1071353709325136,
            1.8921586412702347,
            -1.2899771782740415,
            -1.0396278177845522,
            -1.4852725153072356e-05
        ]
    ],
    "base_poses": [
        [
            [
                0.018952797575057745,
                0.31656576801849656,
                0.0
            ],
            [
                0.0,
                0.0,
                0.9964427131772539,
                -0.08427288624434909
            ]
        ],
        [
            [
                0.7658637084522719,
                -0.11622460882028174,
                0.0
            ],
            [
                0.0,
                0.0,
                0.9723013586222734,
                0.23373075968147905
            ]
        ]
    ],
    "difficulty": 0.3074391046741277,
    "dynamic_speed": null,
    "ur5_count": 2,
    "id": "135038",
    "task_path": "/home/hqh2101/workspace-sharing-multiarm/src/data/8f14d7-hard-vlo-tasks/135038.json"
}