{
    "target_eff_poses": [
        [
            [
                0.8964940309524536,
                -0.5277004837989807,
                0.6607226729393005
            ],
            [
                0.2511235177516937,
                0.3686235845088959,
                -0.38874396681785583,
                0.8061834573745728
            ]
        ]
    ],
    "start_goal_config": [
        null
    ],
    "start_config": [
        [
            -2.6605463672034446,
            -1.4410001366101686,
            2.038594065472347,
            -1.415947713641523,
            -1.4521059773074616,
            -1.989558392417942e-06
        ]
    ],
    "goal_config": [
        [
            -2.711268716188428,
            -1.7584005142106547,
            1.2243058408588148,
            -1.6828378732229743,
            -1.4220753231104843,
            -2.302814137067463e-06
        ]
    ],
    "base_poses": [
        [
            [
                0.5796590031783053,
                -0.2356340347345398,
                0.0
            ],
            [
                -0.0,
                -0.0,
                0.7392556655340352,
                0.6734248740400303
            ]
        ]
    ],
    "difficulty": 0.0,
    "dynamic_speed": null,
    "ur5_count": 1,
    "id": "135029",
    "task_path": "/home/hqh2101/workspace-sharing-multiarm/src/data/8f14d7-hard-vlo-tasks/135029.json"
}