{
    "target_eff_poses": [
        [
            [
                0.47184738516807556,
                -0.567905604839325,
                0.5413861870765686
            ],
            [
                0.2776118814945221,
                0.5306922793388367,
                -0.6149902939796448,
                0.5129174590110779
            ]
        ],
        [
            [
                -0.5833638310432434,
                0.5107605457305908,
                0.4257008135318756
            ],
            [
                -0.5067216157913208,
                -0.4845503270626068,
                0.6407907605171204,
                -0.3127801716327667
            ]
        ],
        [
            [
                0.5664591193199158,
                0.7240452766418457,
                0.646692156791687
            ],
            [
                -0.44268283247947693,
                -0.23749171197414398,
                0.8179883360862732,
                0.28022250533103943
            ]
        ],
        [
            [
                0.14853067696094513,
                0.11782350391149521,
                0.2707776129245758
            ],
            [
                -0.30746421217918396,
                0.7933961749076843,
                0.14817504584789276,
                0.5040162801742554
            ]
        ]
    ],
    "start_goal_config": [
        null,
        null,
        null,
        null
    ],
    "start_config": [
        [
            -3.8258778932885504,
            -1.706599014376077,
            1.787964208468649,
            -1.441573235276473,
            -1.7872259586413346,
            6.577089540651977e-07
        ],
        [
            -4.201048738580137,
            -0.7622359870633055,
            1.1682439196267753,
            -1.9250773200343543,
            -1.803594342296871,
            1.48720823854853e-05
        ],
        [
            -4.403392168511697,
            -1.726960027444708,
            1.386127701218638,
            -1.6099217109552701,
            -1.9847546973997894,
            3.4739430128729936e-05
        ],
        [
            -5.265566676464233,
            -1.6201040022449433,
            1.9292804503105463,
            -1.353032136121383,
            -2.725335804538939,
            2.364283741217243e-05
        ]
    ],
    "goal_config": [
        [
            -4.2131704242475925,
            -1.9428498981958642,
            1.5649736304726145,
            -1.479406363279454,
            -1.964487400667459,
            2.8195629987928924e-05
        ],
        [
            -3.5615645416340107,
            -2.338844693979357,
            1.937921787322598,
            -1.1867552460138724,
            -1.8797366495451926,
            2.0777545879749543e-05
        ],
        [
            -4.342574145643793,
            -2.186207434164432,
            1.5262686379444734,
            -1.4289680990804912,
            -2.393259002890092,
            3.023230232852446e-05
        ],
        [
            -3.1889686281170677,
            -1.8739367640699274,
            2.042438109714945,
            -1.2747443399535376,
            -1.6545732768932127,
            1.8848213263088886e-07
        ]
    ],
    "base_poses": [
        [
            [
                0.34306660788919063,
                -0.2532352292113276,
                0.0
            ],
            [
                0.0,
                0.0,
                0.9897920946122615,
                0.14251880382276574
            ]
        ],
        [
            [
                -0.5923633711775079,
                0.6874204814927567,
                0.0
            ],
            [
                -0.0,
                -0.0,
                0.7301633976926848,
                0.6832725756752382
            ]
        ],
        [
            [
                0.7522805967219688,
                0.7685558087680071,
                0.0
            ],
            [
                -0.0,
                -0.0,
                0.6301007788717443,
                0.7765133665721545
            ]
        ],
        [
            [
                -0.018576450673254086,
                -0.13468406217320505,
                0.0
            ],
            [
                0.0,
                0.0,
                0.9388541148148154,
                -0.3443151914965261
            ]
        ]
    ],
    "difficulty": 0.8313740242640835,
    "dynamic_speed": null,
    "ur5_count": 4,
    "id": "135118",
    "task_path": "/home/hqh2101/workspace-sharing-multiarm/src/data/8f14d7-hard-vlo-tasks/135118.json"
}