{
    "target_eff_poses": [
        [
            [
                0.5850984454154968,
                0.18182356655597687,
                0.3827550411224365
            ],
            [
                0.7537956833839417,
                0.07838819921016693,
                -0.599766194820404,
                -0.25676411390304565
            ]
        ],
        [
            [
                -0.26227352023124695,
                0.9690985679626465,
                0.13259057700634003
            ],
            [
                0.7781247496604919,
                -0.5413653254508972,
                -0.16866421699523926,
                -0.2701810300350189
            ]
        ],
        [
            [
                -0.11273183673620224,
                0.254531592130661,
                0.49627944827079773
            ],
            [
                -0.09311266243457794,
                0.6378793120384216,
                -0.21402095258235931,
                0.7339175939559937
            ]
        ],
        [
            [
                -0.36434096097946167,
                0.13597331941127777,
                0.31109169125556946
            ],
            [
                -0.34655433893203735,
                0.7363338470458984,
                0.10609475523233414,
                0.5713636875152588
            ]
        ]
    ],
    "start_goal_config": [
        null,
        null,
        null,
        null
    ],
    "start_config": [
        [
            -3.2048252526615784,
            -2.6549552239761485,
            1.6717083966432236,
            -1.227672777265982,
            -2.016593690957396,
            2.0303660206937658e-05
        ],
        [
            -3.4846989307949365,
            -1.9917099253258375,
            1.3991605190672998,
            -1.54494283191342,
            -1.716190351473489,
            1.616747999986216e-05
        ],
        [
            -1.7650080871297482,
            -1.5200036831016408,
            1.6266033600736822,
            -1.5591496737987043,
            -1.089346821394362,
            -2.6783638844689842e-17
        ],
        [
            -4.976002680635374,
            -1.2613228438000688,
            1.8214201816850355,
            -1.5514905411181679,
            -2.285326046297531,
            -4.0064694338336796e-07
        ]
    ],
    "goal_config": [
        [
            -4.0142706603639295,
            -2.3028540668901245,
            2.0348524168969715,
            -1.1535268819817166,
            -2.0789121352399613,
            1.7499586054241794e-05
        ],
        [
            -4.109407209157663,
            -1.608484195478342,
            2.2466347745240256,
            -1.2864465590326286,
            -1.9756458976833817,
            1.8420817128077726e-05
        ],
        [
            -4.065467550919969,
            -2.1629206345068206,
            1.7566049669370298,
            -1.3341637083431717,
            -1.9994942842163723,
            2.2818594494808647e-05
        ],
        [
            -3.8350130451507685,
            -1.842425414506528,
            1.9389889590367348,
            -1.3367954302116887,
            -1.8270898530202704,
            7.541001004588111e-06
        ]
    ],
    "base_poses": [
        [
            [
                0.7619089718438397,
                0.17502166542154352,
                0.0
            ],
            [
                -0.0,
                -0.0,
                0.2820272038942176,
                0.9594064082877545
            ]
        ],
        [
            [
                -0.2173783675045463,
                0.7055937597624651,
                0.0
            ],
            [
                0.0,
                0.0,
                -0.3206063942647304,
                0.9472125104518881
            ]
        ],
        [
            [
                -0.35445132128436896,
                0.23264794965455127,
                0.0
            ],
            [
                0.0,
                0.0,
                0.9239369021385478,
                -0.38254490045826445
            ]
        ],
        [
            [
                -0.5837851782910066,
                -0.11570562359671199,
                0.0
            ],
            [
                0.0,
                0.0,
                -0.7909368097354396,
                0.6118978370655719
            ]
        ]
    ],
    "difficulty": 0.9695517338595997,
    "dynamic_speed": null
}