{
    "target_eff_poses": [
        [
            [
                -0.20805275440216064,
                0.2323162853717804,
                0.6574084162712097
            ],
            [
                -0.21210119128227234,
                0.23458166420459747,
                0.36117008328437805,
                0.877234697341919
            ]
        ],
        [
            [
                0.06075948849320412,
                -0.5265725255012512,
                0.392179399728775
            ],
            [
                0.7251880764961243,
                0.14325034618377686,
                -0.6543170809745789,
                0.15953287482261658
            ]
        ],
        [
            [
                0.34412872791290283,
                -0.5803046822547913,
                0.7210178971290588
            ],
            [
                -0.35737109184265137,
                -0.14659163355827332,
                0.8841277360916138,
                0.26289722323417664
            ]
        ]
    ],
    "start_goal_config": [
        null,
        null,
        null
    ],
    "start_config": [
        [
            -5.27174513499982,
            -1.1663893930370044,
            1.5843378616504495,
            -1.5909496379274113,
            -2.6084449643719907,
            7.69659285762596e-05
        ],
        [
            -4.518267533434456,
            -1.9642618664744813,
            1.7531449597189834,
            -1.3896764899341665,
            -2.113241542659856,
            3.0053934245584506e-17
        ],
        [
            -3.3033137186316552,
            -2.4355170398731136,
            1.3985968098748764,
            -1.4280180335139596,
            -1.982799454097504,
            -1.304275599843574e-07
        ]
    ],
    "goal_config": [
        [
            -3.0237257571510026,
            -2.6371939085694094,
            1.4711302501243535,
            -1.3319653798322513,
            -1.9153803586579374,
            2.833807483266448e-05
        ],
        [
            -2.8339585476836326,
            -1.9207540655039526,
            1.8137804488049178,
            -1.3708521147946424,
            -1.5266711694491684,
            1.3751465254402288e-07
        ],
        [
            -4.04537478497074,
            -2.187227684986821,
            1.3521005335952379,
            -1.513280257846671,
            -2.249109494048392,
            3.1433206006584637e-05
        ]
    ],
    "base_poses": [
        [
            [
                -0.12207603088150276,
                0.26103790149163797,
                0.0
            ],
            [
                0.0,
                0.0,
                0.8756931021208002,
                -0.4828680885066333
            ]
        ],
        [
            [
                0.30861796424329,
                -0.2850108348853482,
                0.0
            ],
            [
                -0.0,
                -0.0,
                0.06322808376789667,
                0.9979991029169515
            ]
        ],
        [
            [
                0.4965751651600019,
                -0.5372504198952047,
                0.0
            ],
            [
                -0.0,
                -0.0,
                0.4812034484569417,
                0.8766089442808278
            ]
        ]
    ],
    "difficulty": 0.9361902076872475,
    "dynamic_speed": null,
    "ur5_count": 3,
    "id": "135138",
    "task_path": "/home/hqh2101/workspace-sharing-multiarm/src/data/8f14d7-hard-vlo-tasks/135138.json"
}