{
    "target_eff_poses": [
        [
            [
                0.42252451181411743,
                0.04476334899663925,
                0.6889192461967468
            ],
            [
                -0.4164770841598511,
                -0.03971775993704796,
                0.906461238861084,
                -0.05742354318499565
            ]
        ]
    ],
    "start_goal_config": [
        null
    ],
    "start_config": [
        [
            -3.3438489748802693,
            -2.3505871720947527,
            1.5694726914898192,
            -1.3689152785611582,
            -1.7978447441702308,
            1.700651338811511e-05
        ]
    ],
    "goal_config": [
        [
            -3.174330078980988,
            -1.992861388613869,
            1.3041630176513925,
            -1.5896003444700186,
            -1.6026170732434648,
            7.917182274059946e-06
        ]
    ],
    "base_poses": [
        [
            [
                0.6875258392159123,
                0.19342609527829036,
                0.0
            ],
            [
                -0.0,
                -0.0,
                0.0954001356276544,
                0.9954390057267322
            ]
        ]
    ],
    "difficulty": 0.0
}