{
    "target_eff_poses": [
        [
            [
                -0.6507699489593506,
                -0.21263588964939117,
                0.7543884515762329
            ],
            [
                -0.09726661443710327,
                0.1880655735731125,
                -0.30160802602767944,
                0.9296252727508545
            ]
        ],
        [
            [
                -0.5794554948806763,
                0.18261201679706573,
                0.6246887445449829
            ],
            [
                -0.42654499411582947,
                -0.1206388920545578,
                0.8930017352104187,
                -0.07780473679304123
            ]
        ]
    ],
    "start_goal_config": [
        null,
        null
    ],
    "start_config": [
        [
            -2.8019384870803514,
            -2.915951835034133,
            1.314810031636697,
            -1.3104400384401145,
            -1.839339674447889,
            -1.916749917641386e-05
        ],
        [
            -4.504580031088002,
            -2.10493040315854,
            1.9626095133364276,
            -1.2585509921011862,
            -2.2020800509478464,
            5.397579306110069e-06
        ]
    ],
    "goal_config": [
        [
            -2.9732338134529246,
            -2.5292129130133567,
            1.2762990851436034,
            -1.4619672923932365,
            -2.3618785267394546,
            3.121045063146737e-05
        ],
        [
            -3.2051174340742326,
            -2.4206748848926525,
            1.5537825291942822,
            -1.356194674729628,
            -1.759527700729782,
            1.33707774399823e-05
        ]
    ],
    "base_poses": [
        [
            [
                -0.5466295372526464,
                -0.21237234242445602,
                0.0
            ],
            [
                0.0,
                0.0,
                0.9999972114539629,
                0.0023615851240378002
            ]
        ],
        [
            [
                -0.5278625054027082,
                0.2928355951209949,
                0.0
            ],
            [
                -0.0,
                -0.0,
                0.21143121710558876,
                0.9773928792626072
            ]
        ]
    ],
    "difficulty": 0.3228170160797883
}