{
    "target_eff_poses": [
        [
            [
                0.39199957251548767,
                -0.3504885137081146,
                0.7007796764373779
            ],
            [
                -0.2545388638973236,
                -0.06091925874352455,
                0.9635171890258789,
                0.055978208780288696
            ]
        ]
    ],
    "start_goal_config": [
        null
    ],
    "start_config": [
        [
            -4.764381706044743,
            -2.2366519733243777,
            2.183909090185104,
            -1.1094934319408922,
            -2.782575695570662,
            2.2848590803237044e-05
        ]
    ],
    "goal_config": [
        [
            -3.0086444984585565,
            -2.5826630439946094,
            1.369375040851798,
            -1.3986750802146397,
            -1.8637729330542885,
            1.9191077899240033e-05
        ]
    ],
    "base_poses": [
        [
            [
                0.31262280881479754,
                -0.2919389610288873,
                0.0
            ],
            [
                -0.0,
                -0.0,
                0.021982414829202494,
                0.9997583575235952
            ]
        ]
    ],
    "difficulty": 0.0,
    "dynamic_speed": null,
    "ur5_count": 1,
    "id": "135117",
    "task_path": "/home/hqh2101/workspace-sharing-multiarm/src/data/8f14d7-hard-vlo-tasks/135117.json"
}