{
    "target_eff_poses": [
        [
            [
                -1.1576143503189087,
                -0.745824933052063,
                0.4475509524345398
            ],
            [
                -0.543761670589447,
                -0.019092723727226257,
                0.8260184526443481,
                0.14714694023132324
            ]
        ],
        [
            [
                -0.40620991587638855,
                -0.15128760039806366,
                0.8320356607437134
            ],
            [
                -0.06001608073711395,
                0.08313853293657303,
                0.2018880397081375,
                0.9740263223648071
            ]
        ]
    ],
    "start_goal_config": [
        null,
        null
    ],
    "start_config": [
        [
            -1.6791900072792658,
            -0.987317690888439,
            1.4990226455005475,
            -1.7449887182308934,
            -1.026107777427473,
            -2.4324208562863214e-05
        ],
        [
            -2.7629681870674587,
            -1.5715118913321235,
            2.1605760822283537,
            -1.3250910576046173,
            -1.4996652275769127,
            2.4431355184317723e-06
        ]
    ],
    "goal_config": [
        [
            -4.09758495681336,
            -1.178740304381204,
            1.0686906802067113,
            -1.880914288382703,
            -1.7821917782075067,
            1.5469753749072344e-05
        ],
        [
            -3.0019828993042594,
            -2.3767702015078496,
            1.0550202156736206,
            -1.6143954242724492,
            -1.991785881448251,
            2.4701285715750375e-05
        ]
    ],
    "base_poses": [
        [
            [
                -0.46243334296044164,
                -0.7619298373683452,
                0.0
            ],
            [
                -0.0,
                -0.0,
                0.3962307324774535,
                0.9181509715947486
            ]
        ],
        [
            [
                -0.31458886492837834,
                -0.13414738646083246,
                0.0
            ],
            [
                0.0,
                0.0,
                0.9410522008754998,
                -0.33826137117231997
            ]
        ]
    ],
    "difficulty": 0.4633734034560481,
    "dynamic_speed": null,
    "ur5_count": 2,
    "id": "135145",
    "task_path": "/home/hqh2101/workspace-sharing-multiarm/src/data/8f14d7-hard-vlo-tasks/135145.json"
}