{
    "target_eff_poses": [
        [
            [
                0.009291150607168674,
                -0.28813228011131287,
                0.1963929831981659
            ],
            [
                0.6823750734329224,
                0.45972928404808044,
                -0.24817806482315063,
                0.511293351650238
            ]
        ]
    ],
    "start_goal_config": [
        null
    ],
    "start_config": [
        [
            -3.2531026234027323,
            -1.2855688160476582,
            1.6628833394359435,
            -1.6019859189807921,
            -1.58830114858347,
            5.166949554908434e-06
        ]
    ],
    "goal_config": [
        [
            -1.694925438766549,
            -1.2476360997648035,
            1.6597541550565384,
            -1.6210851520438094,
            -1.0447710698228083,
            -2.4124658431352705e-05
        ]
    ],
    "base_poses": [
        [
            [
                -0.23970049012050065,
                0.22507569406363936,
                0.0
            ],
            [
                -0.0,
                -0.0,
                0.1321536764832104,
                0.9912292397785545
            ]
        ]
    ],
    "difficulty": 0.0,
    "dynamic_speed": null,
    "ur5_count": 1,
    "id": "135190",
    "task_path": "/home/hqh2101/workspace-sharing-multiarm/src/data/8f14d7-hard-vlo-tasks/135190.json"
}