{
    "target_eff_poses": [
        [
            [
                -0.265758752822876,
                0.4556780755519867,
                0.4138489067554474
            ],
            [
                -0.6471183896064758,
                -0.1663593202829361,
                0.7399791479110718,
                -0.07741644978523254
            ]
        ],
        [
            [
                1.0275343656539917,
                -0.36283963918685913,
                0.7443744540214539
            ],
            [
                0.12113738059997559,
                0.3255632519721985,
                -0.34775200486183167,
                0.8708632588386536
            ]
        ],
        [
            [
                0.6942198872566223,
                -0.43562889099121094,
                0.4811170697212219
            ],
            [
                -0.17706847190856934,
                0.6460755467414856,
                0.5297942161560059,
                0.5201454758644104
            ]
        ]
    ],
    "start_goal_config": [
        null,
        null,
        null
    ],
    "start_config": [
        [
            -2.558534888509132,
            -2.674810222907128,
            1.213444812553153,
            -1.4530134058537658,
            -2.52425453173571,
            3.8159489670386675e-05
        ],
        [
            -2.76721867441673,
            -2.739340927738019,
            1.9259113170188713,
            -1.0431988603237308,
            -1.5363480854404363,
            -3.785367702151312e-06
        ],
        [
            -4.584236929134736,
            -2.1560875810284847,
            1.6850878400350018,
            -1.3487843262800987,
            -2.708360464339601,
            3.0112627908976224e-05
        ]
    ],
    "goal_config": [
        [
            -3.727908486113058,
            -1.5109099412865992,
            1.4645882571623317,
            -1.6318021104732796,
            -1.7181856692437378,
            1.3799464699618534e-05
        ],
        [
            -3.22789019969244,
            -1.8548030558129254,
            1.1298505040938862,
            -1.7071095325203287,
            -1.5945106185279374,
            7.090537861742272e-06
        ],
        [
            -1.9337954430723625,
            -2.0870031121032033,
            1.7642790587360475,
            -1.350718514338539,
            -1.0437078832236744,
            -5.442394696908583e-07
        ]
    ],
    "base_poses": [
        [
            [
                0.19510328371270325,
                0.7230637982348556,
                0.0
            ],
            [
                -0.0,
                -0.0,
                0.4538659861453854,
                0.8910699560754345
            ]
        ],
        [
            [
                0.7082161618541327,
                -0.21666249235530355,
                0.0
            ],
            [
                0.0,
                0.0,
                0.9476788802856889,
                0.31922521808350734
            ]
        ],
        [
            [
                0.7161841020921536,
                -0.7546089369918676,
                0.0
            ],
            [
                0.0,
                0.0,
                0.9973472228385577,
                0.07279091355530785
            ]
        ]
    ],
    "difficulty": 0.7195488721804512
}