{
    "target_eff_poses": [
        [
            [
                0.7050090432167053,
                -0.39208072423934937,
                0.7564248442649841
            ],
            [
                -0.12341240048408508,
                -0.07206884771585464,
                0.9888468980789185,
                -0.041919805109500885
            ]
        ],
        [
            [
                0.3618432879447937,
                0.44847196340560913,
                0.6399417519569397
            ],
            [
                0.004830138757824898,
                0.49091804027557373,
                0.3469051718711853,
                0.7991451025009155
            ]
        ],
        [
            [
                -0.6750437021255493,
                -0.7591844201087952,
                0.2035803645849228
            ],
            [
                0.653954267501831,
                0.2581707537174225,
                -0.5285149812698364,
                0.47577691078186035
            ]
        ]
    ],
    "start_goal_config": [
        null,
        null,
        null
    ],
    "start_config": [
        [
            -2.939464542452624,
            -2.7151908431931466,
            1.4297206429223412,
            -1.3261521131902378,
            -1.7424224663234007,
            1.2549777188021363e-05
        ],
        [
            -4.397518235300581,
            -1.3032124273886818,
            1.1248164997057015,
            -1.8231709764387707,
            -1.9036030461175995,
            2.5186036883955975e-05
        ],
        [
            -2.1671150414765776,
            -2.217815016882382,
            1.969462991467649,
            -1.2156063019597514,
            -1.2202746976506582,
            -1.5077859154155066e-05
        ]
    ],
    "goal_config": [
        [
            -2.8215922085141507,
            -2.586338993633265,
            1.2087052642559364,
            -1.477131812839187,
            -2.0570722150622336,
            3.230811392978161e-05
        ],
        [
            -2.1620205780652157,
            -1.9890278678298914,
            1.409045027611323,
            -1.5352589527913445,
            -1.1513971913250958,
            -2.1238645384929227e-05
        ],
        [
            -2.099308423073245,
            -0.941167810339996,
            1.2210642432333871,
            -1.8620672533326135,
            -1.2138645675354898,
            -2.2632997114663023e-05
        ]
    ],
    "base_poses": [
        [
            [
                0.5536239026106471,
                -0.431808791182554,
                0.0
            ],
            [
                -0.0,
                -0.0,
                0.12517783715797332,
                0.9921343200819392
            ]
        ],
        [
            [
                0.15044412375067784,
                0.18321551758984378,
                0.0
            ],
            [
                0.0,
                0.0,
                0.9582604826379637,
                0.28589656768568744
            ]
        ],
        [
            [
                -0.4911040884748902,
                -0.04281611794686757,
                0.0
            ],
            [
                -0.0,
                -0.0,
                0.03330899051825475,
                0.9994451016192208
            ]
        ]
    ],
    "difficulty": 0.6866359447004609,
    "dynamic_speed": null,
    "ur5_count": 3,
    "id": "135166",
    "task_path": "/home/huy/programming/projects/workspace-sharing-multiarm/src/data/8f14d7-hard-vlo-tasks/135166.json"
}