{
    "target_eff_poses": [
        [
            [
                -0.6691720485687256,
                0.020967192947864532,
                0.4792747497558594
            ],
            [
                -0.30174243450164795,
                -0.4707675874233246,
                0.6949256062507629,
                -0.4521147608757019
            ]
        ]
    ],
    "start_goal_config": [
        null
    ],
    "start_config": [
        [
            -2.3744616085763965,
            -1.8945112599523632,
            2.3029672917757766,
            -1.14887118312367,
            -1.3483583226649594,
            -5.695108329964545e-06
        ]
    ],
    "goal_config": [
        [
            -3.2076017769621847,
            -2.7440152958856054,
            1.8734198777405746,
            -1.0842225213686107,
            -1.9948124240546847,
            1.572774669607406e-05
        ]
    ],
    "base_poses": [
        [
            [
                -0.7247882118764619,
                0.0136398162990643,
                0.0
            ],
            [
                -0.0,
                -0.0,
                0.7323797655656615,
                0.6808963790401492
            ]
        ]
    ],
    "difficulty": 0.0,
    "dynamic_speed": null,
    "ur5_count": 1,
    "id": "135156",
    "task_path": "/home/hqh2101/workspace-sharing-multiarm/src/data/8f14d7-hard-vlo-tasks/135156.json"
}