{
    "target_eff_poses": [
        [
            [
                0.6314669847488403,
                1.062435269355774,
                0.32308992743492126
            ],
            [
                -0.3513091802597046,
                0.5248889923095703,
                0.18151713907718658,
                0.7537406086921692
            ]
        ],
        [
            [
                0.9478906393051147,
                0.48332449793815613,
                0.5644123554229736
            ],
            [
                -0.035451825708150864,
                0.5575227737426758,
                0.25509876012802124,
                0.789199709892273
            ]
        ],
        [
            [
                -0.21992376446723938,
                0.47136205434799194,
                0.5523794293403625
            ],
            [
                -0.2129286825656891,
                0.5799504518508911,
                0.7160362601280212,
                0.32497847080230713
            ]
        ],
        [
            [
                -0.527478814125061,
                1.0704519748687744,
                0.5659732222557068
            ],
            [
                -0.020899642258882523,
                -0.012610084377229214,
                -0.38447198271751404,
                0.922813892364502
            ]
        ]
    ],
    "start_goal_config": [
        null,
        null,
        null,
        null
    ],
    "start_config": [
        [
            -5.098024032560747,
            -1.4738756294837916,
            1.467291669268929,
            -1.5948563908499904,
            -2.3925491021765914,
            2.886905318000508e-05
        ],
        [
            -2.901519174654241,
            -2.3781347780342004,
            2.2166170685709052,
            -0.9751355567255079,
            -1.6655119137115315,
            2.171422341491762e-14
        ],
        [
            -2.7668991130233795,
            -2.874832094767945,
            1.9265422517527597,
            -0.9792641650126878,
            -1.527300475614095,
            -7.218109744534914e-06
        ],
        [
            -4.632473068472895,
            -1.4647193262848548,
            1.69303519787694,
            -1.5454237039198349,
            -2.0469718117134823,
            2.585321977394176e-05
        ]
    ],
    "goal_config": [
        [
            -4.5018924965329274,
            -1.0555241200058647,
            1.1463440137827443,
            -1.8651544783923846,
            -1.924304825418489,
            2.8565919178641318e-05
        ],
        [
            -2.363386842132167,
            -1.7775739611422252,
            1.411283991083936,
            -1.5897882326487458,
            -1.321659706945833,
            -7.325761357707986e-06
        ],
        [
            -1.5963993950527435,
            -1.825180326356594,
            1.519239078144503,
            -1.503769989140278,
            -0.7779306136695687,
            1.5954947276818096e-05
        ],
        [
            -3.2736602450005328,
            -3.1222072819346818,
            1.2048101330904748,
            -1.27302171708226,
            -0.9375686267548841,
            4.930377723136277e-06
        ]
    ],
    "base_poses": [
        [
            [
                0.192450627948072,
                0.49142121299932984,
                0.0
            ],
            [
                0.0,
                0.0,
                -0.4596131647108712,
                0.8881192143087873
            ]
        ],
        [
            [
                0.6146691561623903,
                0.19990695138123138,
                0.0
            ],
            [
                0.0,
                0.0,
                0.9798600400909294,
                0.1996855073183883
            ]
        ],
        [
            [
                -0.046928690702518816,
                0.07682042315401283,
                0.0
            ],
            [
                0.0,
                0.0,
                0.9997051077864934,
                0.024283687232288957
            ]
        ],
        [
            [
                -0.6439446063639336,
                0.5898982308762379,
                0.0
            ],
            [
                -0.0,
                -0.0,
                0.798895300136255,
                0.6014701151513707
            ]
        ]
    ],
    "difficulty": 0.8528167027179535,
    "dynamic_speed": null
}