{
    "target_eff_poses": [
        [
            [
                0.4078836739063263,
                0.6763816475868225,
                0.43290695548057556
            ],
            [
                -0.2881045639514923,
                0.6449804902076721,
                0.08088818937540054,
                0.7031735777854919
            ]
        ]
    ],
    "start_goal_config": [
        null
    ],
    "start_config": [
        [
            -2.9757150863068995,
            -2.9862063038518634,
            0.942701471251309,
            -1.4674221857259875,
            -1.568700772951448,
            -3.890510846273055e-08
        ]
    ],
    "goal_config": [
        [
            -3.963426330524383,
            -1.9640303511293444,
            1.7717025172633698,
            -1.3804484117418934,
            -1.8763624305183908,
            3.487864335127209e-05
        ]
    ],
    "base_poses": [
        [
            [
                0.1707589386142867,
                0.4545564969604792,
                0.0
            ],
            [
                0.0,
                0.0,
                -0.7786744531919296,
                0.6274281599882566
            ]
        ]
    ],
    "difficulty": 0.0,
    "dynamic_speed": null
}