{
    "target_eff_poses": [
        [
            [
                -0.03645631670951843,
                -0.22343376278877258,
                0.5880470871925354
            ],
            [
                -0.5230240821838379,
                0.002596349688246846,
                0.8186628818511963,
                0.23712901771068573
            ]
        ]
    ],
    "start_goal_config": [
        null
    ],
    "start_config": [
        [
            -4.149736780546471,
            -1.3431032412074257,
            1.5410340287371367,
            -1.638607802579597,
            -1.835352208500011,
            2.0106431407883758e-05
        ]
    ],
    "goal_config": [
        [
            -3.551500389047053,
            -2.270090964336181,
            1.604383934065853,
            -1.3750736487519737,
            -1.847780208037147,
            2.00694118775065e-05
        ]
    ],
    "base_poses": [
        [
            [
                0.15312976976892256,
                -0.20262838601486788,
                0.0
            ],
            [
                -0.0,
                -0.0,
                0.061474614837830635,
                0.9981086472576722
            ]
        ]
    ],
    "difficulty": 0.0,
    "dynamic_speed": null
}