{
    "target_eff_poses": [
        [
            [
                -0.3317795693874359,
                0.02321700006723404,
                0.742781400680542
            ],
            [
                0.169951394200325,
                0.3104166090488434,
                -0.6399189233779907,
                0.6821010708808899
            ]
        ]
    ],
    "start_goal_config": [
        null
    ],
    "start_config": [
        [
            -3.4492731399166745,
            -2.2952733995828924,
            2.1143132762721994,
            -1.0937803629467322,
            -1.8481721496494894,
            1.048813663289349e-05
        ]
    ],
    "goal_config": [
        [
            -3.7662399766899206,
            -1.9384177231182271,
            1.1813133092310644,
            -1.6610158555678214,
            -1.8234050618665056,
            2.27298271928911e-05
        ]
    ],
    "base_poses": [
        [
            [
                -0.49466829180739097,
                0.27435617229167786,
                0.0
            ],
            [
                0.0,
                0.0,
                0.9508368278559014,
                0.30969230987050167
            ]
        ]
    ],
    "difficulty": 0.0,
    "dynamic_speed": null,
    "ur5_count": 1,
    "id": "135188",
    "task_path": "/home/hqh2101/workspace-sharing-multiarm/src/data/8f14d7-hard-vlo-tasks/135188.json"
}