{
    "target_eff_poses": [
        [
            [
                0.4741395115852356,
                -0.690209686756134,
                0.6350193619728088
            ],
            [
                -0.17018193006515503,
                0.2995002567768097,
                0.25718867778778076,
                0.9028796553611755
            ]
        ]
    ],
    "start_goal_config": [
        null
    ],
    "start_config": [
        [
            -2.1513789150440106,
            -0.8930637835081601,
            1.1069559281859829,
            -1.9198261505441583,
            -1.2255098697741482,
            -1.9178619790027757e-05
        ]
    ],
    "goal_config": [
        [
            -3.014393748729061,
            -2.6520548092107625,
            1.5174775114893144,
            -1.3036522600464548,
            -1.8100394657748182,
            2.069529239221864e-05
        ]
    ],
    "base_poses": [
        [
            [
                0.5663354495245305,
                -0.7081556948635325,
                0.0
            ],
            [
                0.0,
                0.0,
                0.9448926662723514,
                -0.32738028227846405
            ]
        ]
    ],
    "difficulty": 0.0,
    "dynamic_speed": null,
    "ur5_count": 1,
    "id": "135109",
    "task_path": "/home/hqh2101/workspace-sharing-multiarm/src/data/8f14d7-hard-vlo-tasks/135109.json"
}