{
    "target_eff_poses": [
        [
            [
                -0.64495849609375,
                -0.5919252038002014,
                0.2529771625995636
            ],
            [
                0.8447949886322021,
                -0.26041972637176514,
                -0.4493497312068939,
                -0.12879350781440735
            ]
        ],
        [
            [
                -0.11323860287666321,
                -0.5090093612670898,
                0.3497515320777893
            ],
            [
                -0.6175882816314697,
                -0.4763595163822174,
                0.6254352331161499,
                0.022295590490102768
            ]
        ],
        [
            [
                -0.4117657244205475,
                0.4289643168449402,
                0.527087926864624
            ],
            [
                -0.527489185333252,
                -0.04300318658351898,
                0.8441360592842102,
                0.08567490428686142
            ]
        ]
    ],
    "start_goal_config": [
        null,
        null,
        null
    ],
    "start_config": [
        [
            -3.92977225662097,
            -2.16907182551074,
            1.3026752738119816,
            -1.543399057899761,
            -2.123484716424289,
            3.207697025398722e-05
        ],
        [
            -2.038162357607383,
            -1.5382123619289683,
            1.1436259825570023,
            -1.7618535127214774,
            -1.1707719988479317,
            -1.6964565699764473e-05
        ],
        [
            -3.5869159567529367,
            -2.244216495748211,
            1.2522759401084762,
            -1.5500492336521015,
            -2.032148820621613,
            3.576269668170568e-05
        ]
    ],
    "goal_config": [
        [
            -2.6338528365831917,
            -2.4526913142336144,
            2.313668459513511,
            -0.8337692727409035,
            -1.5509140907541898,
            2.2120941070171944e-09
        ],
        [
            -3.876583466944697,
            -2.5638665498974427,
            2.180650836657045,
            -0.9691949022675984,
            -2.263441157532363,
            -2.179125829377307e-05
        ],
        [
            -3.924503014138694,
            -1.4036643257565127,
            1.1668203585333314,
            -1.789336981775489,
            -1.7532970549799527,
            1.7442398907318168e-05
        ]
    ],
    "base_poses": [
        [
            [
                -0.529094482693907,
                -0.5341120744235242,
                0.0
            ],
            [
                0.0,
                0.0,
                -0.5166637209901345,
                0.8561884135005732
            ]
        ],
        [
            [
                -0.06462480674762927,
                -0.4420605772412076,
                0.0
            ],
            [
                -0.0,
                -0.0,
                0.6273725143182938,
                0.7787192872132693
            ]
        ],
        [
            [
                0.1830412684295879,
                0.5027679418946946,
                0.0
            ],
            [
                -0.0,
                -0.0,
                0.37237145810498873,
                0.9280837770313436
            ]
        ]
    ],
    "difficulty": 0.7403268219383922,
    "dynamic_speed": null,
    "ur5_count": 3,
    "id": "135112",
    "task_path": "/home/hqh2101/workspace-sharing-multiarm/src/data/8f14d7-hard-vlo-tasks/135112.json"
}