{
    "target_eff_poses": [
        [
            [
                -0.3394935131072998,
                0.31264373660087585,
                0.4839913249015808
            ],
            [
                -0.33365169167518616,
                0.43539556860923767,
                0.4268425405025482,
                0.7189664244651794
            ]
        ],
        [
            [
                -0.22314459085464478,
                -0.4309638738632202,
                0.41620519757270813
            ],
            [
                -0.3836473226547241,
                0.6520802974700928,
                0.6376783847808838,
                0.14481811225414276
            ]
        ],
        [
            [
                -0.6445316076278687,
                0.9300805330276489,
                0.35150694847106934
            ],
            [
                -0.1939225196838379,
                0.6316795945167542,
                0.5388308167457581,
                0.5225286483764648
            ]
        ]
    ],
    "start_goal_config": [
        null,
        null,
        null
    ],
    "start_config": [
        [
            -4.002252259302385,
            -1.7025285228325087,
            1.3913117878005765,
            -1.6177808667543425,
            -1.8239578236174718,
            2.2134384917535852e-05
        ],
        [
            -3.3031937971038343,
            -2.3671822372202844,
            1.3652409954540436,
            -1.4631427581482042,
            -1.8664122910632963,
            3.9709487012852704e-06
        ],
        [
            -1.29134416626374,
            -1.264550536600667,
            1.9667118299622839,
            -1.506395713105064,
            -0.49988941201243353,
            -2.3445928851306813e-05
        ]
    ],
    "goal_config": [
        [
            -3.734164936612039,
            -1.3171835628942934,
            1.1528927535148106,
            -1.8160722900205053,
            -1.6888995321672862,
            1.3329464625362031e-05
        ],
        [
            -1.5912259244809557,
            -1.9642113826829963,
            1.8713359480389569,
            -1.3326222562667593,
            -0.7551189459610392,
            -4.5293646101617965e-17
        ],
        [
            -1.7324141597590994,
            -1.1909978355352595,
            1.2710758648529765,
            -1.777966438849196,
            -1.0679015611445322,
            1.08249592368304e-06
        ]
    ],
    "base_poses": [
        [
            [
                -0.4874298888381324,
                -0.3087493382511566,
                0.0
            ],
            [
                0.0,
                0.0,
                -0.6285505572050442,
                0.7777687297887648
            ]
        ],
        [
            [
                0.06468221788896711,
                -0.6629135424109365,
                0.0
            ],
            [
                0.0,
                0.0,
                0.9865069198197957,
                -0.1637195686155425
            ]
        ],
        [
            [
                -0.7902906948929058,
                0.26693571406561234,
                0.0
            ],
            [
                0.0,
                0.0,
                0.9879683461110664,
                0.1546562222562161
            ]
        ]
    ],
    "difficulty": 0.8170112781954887,
    "dynamic_speed": null,
    "ur5_count": 3,
    "id": "135169",
    "task_path": "/home/hqh2101/workspace-sharing-multiarm/src/data/8f14d7-hard-vlo-tasks/135169.json"
}