{
    "target_eff_poses": [
        [
            [
                0.4932105839252472,
                0.03366304188966751,
                0.6895155906677246
            ],
            [
                0.12600351870059967,
                0.24600686132907867,
                -0.8032623529434204,
                0.5276111364364624
            ]
        ]
    ],
    "start_goal_config": [
        null
    ],
    "start_config": [
        [
            -4.050863121559549,
            -1.9732192789408094,
            1.6949323822340698,
            -1.4132812380416098,
            -1.9075283620150816,
            2.4671502209970047e-05
        ]
    ],
    "goal_config": [
        [
            -3.00066196166726,
            -2.6159670828399286,
            1.406032786610452,
            -1.3715506666470814,
            -2.0871183991644133,
            3.463985792426903e-05
        ]
    ],
    "base_poses": [
        [
            [
                0.4574439801644865,
                -0.05376512384063048,
                0.0
            ],
            [
                -0.0,
                -0.0,
                0.6953203851959003,
                0.7186999109023354
            ]
        ]
    ],
    "difficulty": 0.0,
    "dynamic_speed": null,
    "ur5_count": 1,
    "id": "135165",
    "task_path": "/home/huy/programming/projects/workspace-sharing-multiarm/src/data/8f14d7-hard-vlo-tasks/135165.json"
}