{
    "target_eff_poses": [
        [
            [
                0.23680853843688965,
                0.7813893556594849,
                0.21718215942382812
            ],
            [
                0.014311935752630234,
                0.8766502141952515,
                0.10284167528152466,
                0.4697904586791992
            ]
        ],
        [
            [
                0.7073383927345276,
                -0.01809156872332096,
                0.49221745133399963
            ],
            [
                -0.09430534392595291,
                0.5641399621963501,
                0.37660130858421326,
                0.7287139892578125
            ]
        ]
    ],
    "start_goal_config": [
        null,
        null
    ],
    "start_config": [
        [
            -2.206942699816823,
            -1.7466864776877962,
            2.0885591187551618,
            -1.3097037111219152,
            -1.2919501035674148,
            -8.130871497117815e-06
        ],
        [
            -4.177281211912672,
            -1.4840878356502647,
            1.9725309145550083,
            -1.4309016568489294,
            -1.9016170646149444,
            2.8003308650683136e-05
        ]
    ],
    "goal_config": [
        [
            -2.306981431160072,
            -1.6610412749145782,
            2.019686892009369,
            -1.362038606352128,
            -1.3389683396115504,
            -9.473617926571306e-06
        ],
        [
            -2.1984108228872197,
            -1.409513662152033,
            1.2379335703241945,
            -1.7522009677537382,
            -1.2594274914835486,
            -1.4447339028250353e-05
        ]
    ],
    "base_poses": [
        [
            [
                -0.06975753481681779,
                0.5776863363015605,
                0.0
            ],
            [
                0.0,
                0.0,
                0.9499507798715282,
                0.3123996091890567
            ]
        ],
        [
            [
                0.3272432331849249,
                -0.48873826668498543,
                0.0
            ],
            [
                0.0,
                0.0,
                0.9887290456638842,
                0.14971597864150885
            ]
        ]
    ],
    "difficulty": 0.1489701871532023,
    "dynamic_speed": null
}