{
    "target_eff_poses": [
        [
            [
                0.8323184251785278,
                0.8624706864356995,
                0.49629488587379456
            ],
            [
                0.07707316428422928,
                0.6039370894432068,
                0.12578730285167694,
                0.783260703086853
            ]
        ]
    ],
    "start_goal_config": [
        null
    ],
    "start_config": [
        [
            -3.136595687619448,
            -2.6208959100182296,
            1.5820172732415805,
            -1.2826379444074119,
            -1.934144254229919,
            2.700873312705277e-05
        ]
    ],
    "goal_config": [
        [
            -2.2363578588499986,
            -1.6094136340524792,
            1.4080750680956797,
            -1.6310667092514177,
            -1.284627091455037,
            -1.2231680907149903e-05
        ]
    ],
    "base_poses": [
        [
            [
                0.3456804522093375,
                0.7008287239422648,
                0.0
            ],
            [
                0.0,
                0.0,
                0.9062488104734123,
                0.422744714355514
            ]
        ]
    ],
    "difficulty": 0.0,
    "dynamic_speed": null,
    "ur5_count": 1,
    "id": "135122",
    "task_path": "/home/hqh2101/workspace-sharing-multiarm/src/data/8f14d7-hard-vlo-tasks/135122.json"
}