{
    "target_eff_poses": [
        [
            [
                -0.07020432502031326,
                -0.403151273727417,
                0.21969527006149292
            ],
            [
                -0.5785011053085327,
                0.7081190943717957,
                0.3819671869277954,
                0.1341826319694519
            ]
        ],
        [
            [
                -0.31488037109375,
                -0.18481525778770447,
                0.1595841497182846
            ],
            [
                0.7282195687294006,
                0.029575809836387634,
                -0.6817413568496704,
                0.06364180147647858
            ]
        ]
    ],
    "start_goal_config": [
        null,
        null
    ],
    "start_config": [
        [
            -2.214061797004482,
            -2.4665731999614495,
            1.8490409880064589,
            -1.2010017095352272,
            -0.9412186375950322,
            -1.7244947638257713e-05
        ],
        [
            -4.925363951797875,
            -2.083125864013008,
            2.0294909942986035,
            -1.188811970597128,
            -2.9345073363192333,
            2.6687652951651786e-05
        ]
    ],
    "goal_config": [
        [
            -1.963561806695607,
            -2.0888422539224516,
            2.3280042857724896,
            -1.0727924650554344,
            -1.022820666425539,
            -9.9110406141143e-11
        ],
        [
            -3.151689699417154,
            -0.9211328499156636,
            1.2657780879393403,
            -1.8530428200683662,
            -1.518306063825103,
            -1.1731282606011914e-06
        ]
    ],
    "base_poses": [
        [
            [
                0.15263771975953888,
                -0.49918047198580706,
                0.0
            ],
            [
                0.0,
                0.0,
                0.9323395405806632,
                -0.3615839889566986
            ]
        ],
        [
            [
                0.3759510446401477,
                0.025098343288935787,
                0.0
            ],
            [
                -0.0,
                -0.0,
                0.07182287255997763,
                0.9974174025839098
            ]
        ]
    ],
    "difficulty": 0.521865889212828,
    "dynamic_speed": null,
    "ur5_count": 2,
    "id": "135154",
    "task_path": "/home/hqh2101/workspace-sharing-multiarm/src/data/8f14d7-hard-vlo-tasks/135154.json"
}