{
    "target_eff_poses": [
        [
            [
                -0.09016385674476624,
                0.9006677269935608,
                0.1213366910815239
            ],
            [
                0.9786374568939209,
                0.016425499692559242,
                -0.10920335352420807,
                -0.173417329788208
            ]
        ],
        [
            [
                0.5098845958709717,
                -0.4808042645454407,
                0.4180658459663391
            ],
            [
                -0.6148170232772827,
                0.20996975898742676,
                0.6970855593681335,
                0.30328935384750366
            ]
        ],
        [
            [
                -0.2359134554862976,
                -0.06595134735107422,
                0.7494996190071106
            ],
            [
                0.2759554088115692,
                0.19690074026584625,
                -0.7473897337913513,
                0.5713906288146973
            ]
        ]
    ],
    "start_goal_config": [
        null,
        null,
        null
    ],
    "start_config": [
        [
            -2.8791772925677943,
            -2.8619701843769554,
            1.4300947466051621,
            -1.273662375487376,
            -1.7572450885000548,
            1.3831104932959162e-05
        ],
        [
            -3.419226842127475,
            -2.187506982233013,
            1.0749179513564524,
            -1.6531963612703067,
            -1.9445376701382322,
            2.906460344952505e-05
        ],
        [
            -4.722038023935972,
            -1.7657960435468678,
            1.2955718307069395,
            -1.6284668948334156,
            -2.206117243797423,
            3.523930341417384e-05
        ]
    ],
    "goal_config": [
        [
            -4.5844152868673875,
            -1.724727042034596,
            2.4982585126762578,
            -1.1863292071578209,
            -2.5963933404727877,
            -2.4727044481035757e-07
        ],
        [
            -2.8759763248781103,
            -2.6764594305167413,
            1.9803815355614374,
            -1.0311794709836732,
            -1.6520794739681115,
            4.8006435896578726e-06
        ],
        [
            -3.086379561438548,
            -1.8140911509735147,
            1.0968212578266356,
            -1.732613136303369,
            -1.5378214501898906,
            5.073943553777156e-06
        ]
    ],
    "base_poses": [
        [
            [
                0.01301137048398604,
                0.7391013815155967,
                0.0
            ],
            [
                -0.0,
                -0.0,
                0.22349165131997598,
                0.974705843724285
            ]
        ],
        [
            [
                0.6020632137166682,
                -0.43143411956870087,
                0.0
            ],
            [
                0.0,
                0.0,
                -0.48165622007400904,
                0.8763602487927085
            ]
        ],
        [
            [
                -0.24039519828699818,
                0.3054251327999553,
                0.0
            ],
            [
                -0.0,
                -0.0,
                0.5717463591741659,
                0.8204304362778636
            ]
        ]
    ],
    "difficulty": 0.6649111257406188,
    "dynamic_speed": null,
    "ur5_count": 3,
    "id": "135106",
    "task_path": "/home/huy/programming/projects/workspace-sharing-multiarm/src/data/8f14d7-hard-vlo-tasks/135106.json"
}