{
    "target_eff_poses": [
        [
            [
                1.0749071836471558,
                0.24864321947097778,
                0.41152238845825195
            ],
            [
                -0.1038111075758934,
                0.6583055257797241,
                0.15280811488628387,
                0.7297306060791016
            ]
        ],
        [
            [
                -1.125060796737671,
                0.7910568118095398,
                0.16962285339832306
            ],
            [
                0.7841408252716064,
                -0.2623433470726013,
                -0.5395550727844238,
                -0.15868054330348969
            ]
        ],
        [
            [
                0.2650851011276245,
                0.9154499173164368,
                0.37354013323783875
            ],
            [
                -0.54850172996521,
                0.3816829323768616,
                0.594499945640564,
                0.44725140929222107
            ]
        ],
        [
            [
                0.6877738833427429,
                -0.12130650877952576,
                0.26201122999191284
            ],
            [
                -0.4598035216331482,
                0.7220228314399719,
                0.10491543263196945,
                0.5062178373336792
            ]
        ]
    ],
    "start_goal_config": [
        null,
        null,
        null,
        null
    ],
    "start_config": [
        [
            -2.944755252773733,
            -2.774050562104628,
            1.8116585838965156,
            -1.1028897785069052,
            -1.716270193824229,
            -7.312095095018696e-08
        ],
        [
            -3.454971063124799,
            -2.267381409178578,
            1.1822162010507298,
            -1.5781773877474872,
            -2.072726109997067,
            3.475512509385318e-05
        ],
        [
            -3.1864218777996474,
            -1.7315172208175464,
            1.7104484736539614,
            -1.4681371043180558,
            -1.605407865306655,
            2.1209197549413707e-05
        ],
        [
            -2.2996550318338,
            -2.2642273398060104,
            2.2754523701806115,
            -0.9986059221880029,
            -1.311027913239615,
            -2.0269511999406062e-09
        ]
    ],
    "goal_config": [
        [
            -3.00142009968479,
            -1.4980313457320233,
            1.454833860047797,
            -1.639545568997937,
            -1.520782455472746,
            2.007147473904842e-06
        ],
        [
            -3.063437035923642,
            -1.2208950694892944,
            1.6499576937725047,
            -1.623643887076906,
            -1.5339712715656881,
            1.3906335385157744e-06
        ],
        [
            -3.381726254046845,
            -1.3513501012818225,
            1.3803695672235652,
            -1.7069470293146092,
            -1.6078334616001755,
            7.058513049112996e-06
        ],
        [
            -4.136790799389675,
            -1.789059907632372,
            2.021707152665811,
            -1.3192753006095697,
            -1.9334950587653796,
            -4.344632311811471e-07
        ]
    ],
    "base_poses": [
        [
            [
                0.6192017372852836,
                -0.04806172860721758,
                0.0
            ],
            [
                0.0,
                0.0,
                0.9938093966356352,
                -0.1110985290573862
            ]
        ],
        [
            [
                -0.61473541749851,
                0.5741252466542268,
                0.0
            ],
            [
                0.0,
                0.0,
                -0.3368037110818178,
                0.9415748829495801
            ]
        ],
        [
            [
                0.5494121335509057,
                0.38514783437060185,
                0.0
            ],
            [
                0.0,
                0.0,
                -0.4850259339784151,
                0.8744997675061819
            ]
        ],
        [
            [
                0.5045546355674397,
                -0.38738554635119177,
                0.0
            ],
            [
                0.0,
                0.0,
                -0.6345977419082921,
                0.7728426139680036
            ]
        ]
    ],
    "difficulty": 0.5342967636881742
}