{
    "target_eff_poses": [
        [
            [
                0.8496001362800598,
                0.6328257918357849,
                0.592312753200531
            ],
            [
                -0.26506075263023376,
                -0.31966254115104675,
                0.7619481682777405,
                -0.496984601020813
            ]
        ],
        [
            [
                -0.25070157647132874,
                -0.17781981825828552,
                0.41069984436035156
            ],
            [
                -0.6099181771278381,
                -0.2521166205406189,
                0.7271552085876465,
                0.18889757990837097
            ]
        ],
        [
            [
                1.0646185874938965,
                -0.3276050388813019,
                0.166217640042305
            ],
            [
                0.603398323059082,
                0.47875910997390747,
                -0.18164671957492828,
                0.6113138198852539
            ]
        ]
    ],
    "start_goal_config": [
        null,
        null,
        null
    ],
    "start_config": [
        [
            -2.5557154124375296,
            -2.9456353590472175,
            1.4636564779645702,
            -1.2445114369278227,
            -2.5051273732633397,
            2.9130118747168434e-05
        ],
        [
            -3.144149199867054,
            -2.9277082407973865,
            1.0504422513816964,
            -1.4412194957731244,
            -1.3309761878738762,
            1.3778648296175726e-05
        ],
        [
            -3.992804802784337,
            -1.4641127555482203,
            1.2743965957893104,
            -1.7262684213017856,
            -1.784551019869856,
            1.5826272344659595e-05
        ]
    ],
    "goal_config": [
        [
            -3.0842631981419197,
            -2.6581276418236843,
            1.6225230942119881,
            -1.249521238055294,
            -1.87136536293125,
            2.380497689990128e-05
        ],
        [
            -3.453592393395965,
            -2.7836901118672888,
            2.047475931955599,
            -0.9638055725933086,
            -2.2169276763687153,
            1.6079898886202305e-05
        ],
        [
            -1.5615455850352464,
            -0.9776751421382439,
            1.378635591500477,
            -1.7840408772656908,
            -0.9595633362068645,
            -2.645585358607794e-05
        ]
    ],
    "base_poses": [
        [
            [
                0.77673262635152,
                0.6176541678499123,
                0.0
            ],
            [
                -0.0,
                -0.0,
                0.6438994503934575,
                0.7651101213439823
            ]
        ],
        [
            [
                -0.2551116387332192,
                -0.14725919646866692,
                0.0
            ],
            [
                -0.0,
                -0.0,
                0.22302137571963207,
                0.974813554466762
            ]
        ],
        [
            [
                0.6437431629791481,
                0.2273392491603714,
                0.0
            ],
            [
                -0.0,
                -0.0,
                0.18523498264316648,
                0.9826942562186806
            ]
        ]
    ],
    "difficulty": 0.8009028496191103,
    "dynamic_speed": null
}