{
    "target_eff_poses": [
        [
            [
                -0.040483515709638596,
                0.49563780426979065,
                0.38708096742630005
            ],
            [
                0.0602705292403698,
                0.7421479225158691,
                0.10526430606842041,
                0.6591687202453613
            ]
        ],
        [
            [
                0.2784138321876526,
                -0.14064587652683258,
                0.6852126121520996
            ],
            [
                -0.36264750361442566,
                0.009006540291011333,
                0.7812487483024597,
                0.5079922080039978
            ]
        ],
        [
            [
                -0.6979210376739502,
                -0.027056587859988213,
                0.15555980801582336
            ],
            [
                0.8671655654907227,
                0.22229455411434174,
                -0.40124762058258057,
                -0.19393137097358704
            ]
        ]
    ],
    "start_goal_config": [
        null,
        null,
        null
    ],
    "start_config": [
        [
            -2.9535697926384725,
            -2.879899867431415,
            1.806387657147606,
            -1.0643554477421873,
            -1.8455731814934437,
            1.7114072866933542e-05
        ],
        [
            -2.0791236676526026,
            -2.313166991589609,
            2.2973696230810012,
            -0.9764289713746456,
            -1.105491739017976,
            -1.0693861644966935e-05
        ],
        [
            -4.789067886582792,
            -1.3320003630508948,
            1.6246274905363314,
            -1.6031393150144475,
            -2.116641712263048,
            3.1445186609243345e-05
        ]
    ],
    "goal_config": [
        [
            -2.2907688393558914,
            -1.8818570537690735,
            1.8074436512599785,
            -1.3873309330040484,
            -1.3314092876019226,
            -9.882174281611085e-06
        ],
        [
            -3.4148499636062795,
            -2.4495627022536772,
            1.4499987406896504,
            -1.3995575883686335,
            -2.122531183362502,
            3.0288555562584586e-05
        ],
        [
            -4.9291450561282275,
            -1.3520339299579627,
            1.923509380363902,
            -1.4952728224928118,
            -2.2719406312470136,
            2.402685469429632e-05
        ]
    ],
    "base_poses": [
        [
            [
                -0.3700806350753766,
                0.32971147361701525,
                0.0
            ],
            [
                0.0,
                0.0,
                0.9261377301051028,
                0.37718550459391703
            ]
        ],
        [
            [
                0.32669188503362734,
                -0.1240367052496687,
                0.0
            ],
            [
                0.0,
                0.0,
                -0.16330184603861647,
                0.9865761537156572
            ]
        ],
        [
            [
                -0.26377703911347083,
                -0.08892472626051773,
                0.0
            ],
            [
                -0.0,
                -0.0,
                0.713268867125288,
                0.700890521543706
            ]
        ]
    ],
    "difficulty": 0.8271941364405186,
    "dynamic_speed": null
}