{
    "target_eff_poses": [
        [
            [
                -0.05395614355802536,
                -0.3371308743953705,
                0.47389471530914307
            ],
            [
                0.3470820188522339,
                0.519363522529602,
                -0.5844663977622986,
                0.5178751945495605
            ]
        ],
        [
            [
                -0.5550729632377625,
                -0.005123003385961056,
                0.2594253420829773
            ],
            [
                -0.4876914322376251,
                0.7095382809638977,
                0.02193421497941017,
                0.5081644058227539
            ]
        ]
    ],
    "start_goal_config": [
        null,
        null
    ],
    "start_config": [
        [
            -3.347956054553589,
            -1.5989163911630233,
            1.9101201744622773,
            -1.416104443151231,
            -1.6552884478532461,
            1.5100071486914247e-05
        ],
        [
            -1.5795955785499525,
            -1.0222084342035802,
            1.4953246156309326,
            -1.7349008487433883,
            -0.9665410852017978,
            -2.223527602456268e-05
        ]
    ],
    "goal_config": [
        [
            -3.2994076770372636,
            -2.4821556852772666,
            1.867379815892529,
            -1.1774116359344524,
            -1.8274117763730575,
            1.3976083853194353e-05
        ],
        [
            -4.609526619292755,
            -1.7472402461186465,
            2.0206952134740477,
            -1.3406444425608586,
            -2.1298242910145624,
            2.471950520536186e-05
        ]
    ],
    "base_poses": [
        [
            [
                -0.14357032278460768,
                -0.2439286435341066,
                0.0
            ],
            [
                -0.0,
                -0.0,
                0.8029829005499183,
                0.596002064949812
            ]
        ],
        [
            [
                -0.7967558206602539,
                -0.23740224253370634,
                0.0
            ],
            [
                0.0,
                0.0,
                -0.4918044817934701,
                0.8707056630617814
            ]
        ]
    ],
    "difficulty": 0.45564743469272695,
    "dynamic_speed": null,
    "ur5_count": 2,
    "id": "135196",
    "task_path": "/home/hqh2101/workspace-sharing-multiarm/src/data/8f14d7-hard-vlo-tasks/135196.json"
}