{
    "target_eff_poses": [
        [
            [
                -0.5276588797569275,
                0.47629037499427795,
                0.2345084846019745
            ],
            [
                -0.1944902539253235,
                0.8772844076156616,
                0.19662882387638092,
                0.39227885007858276
            ]
        ],
        [
            [
                0.14036765694618225,
                0.15365959703922272,
                0.27273449301719666
            ],
            [
                0.684136152267456,
                0.3828587234020233,
                -0.5392060279846191,
                -0.30762603878974915
            ]
        ],
        [
            [
                -0.11260282248258591,
                -0.1226455420255661,
                0.42636746168136597
            ],
            [
                0.01267953496426344,
                0.686497688293457,
                0.28633004426956177,
                0.6682628393173218
            ]
        ]
    ],
    "start_goal_config": [
        null,
        null,
        null
    ],
    "start_config": [
        [
            -4.740979157974827,
            -1.8043823812771103,
            2.397331987451394,
            -1.1739940848958939,
            -2.572290881057657,
            1.999873884461578e-05
        ],
        [
            -2.847880310923464,
            -2.931387895173516,
            1.5891256684476398,
            -1.1660874047295544,
            -1.8816970278327785,
            2.5121450458878334e-05
        ],
        [
            -2.206565254001252,
            -2.4007514753659347,
            1.8122537529326168,
            -1.2384724285134094,
            -1.0161608902068218,
            -1.7617250915452638e-05
        ]
    ],
    "goal_config": [
        [
            -2.3159706623347067,
            -2.162881387214444,
            2.2898914702702573,
            -1.035534532847192,
            -1.324322004110346,
            -4.732290387508249e-06
        ],
        [
            -5.276828324076278,
            -1.1396912587797121,
            1.4387070089197274,
            -1.6384811613823305,
            -2.599452641355602,
            3.199162934795773e-05
        ],
        [
            -1.892356136434214,
            -1.6205819159587536,
            1.5551091259356997,
            -1.562464140318109,
            -1.147522390971148,
            -2.3136778642980543e-05
        ]
    ],
    "base_poses": [
        [
            [
                -0.5543848995941865,
                0.2729768379627533,
                0.0
            ],
            [
                0.0,
                0.0,
                0.9974515554502306,
                0.07134700084737748
            ]
        ],
        [
            [
                0.769519649102884,
                0.1462663695109162,
                0.0
            ],
            [
                0.0,
                0.0,
                0.8740601427750745,
                0.4858177300305295
            ]
        ],
        [
            [
                -0.48813264773735754,
                -0.4508740282340279,
                0.0
            ],
            [
                0.0,
                0.0,
                0.9083562176304337,
                0.4181973001970864
            ]
        ]
    ],
    "difficulty": 0.44666854618926793,
    "dynamic_speed": null,
    "ur5_count": 3,
    "id": "135205",
    "task_path": "/home/hqh2101/workspace-sharing-multiarm/src/data/8f14d7-hard-vlo-tasks/135205.json"
}