{
    "obstacles": [
        {
            "urdf_file": "cube.urdf",
            "position": [
                            -1,
                            0.5,
                            0.25
                        ],
            "scale": 0.5
        },
            {
            "urdf_file": "cube.urdf",
            "position": [
                            0.5,
                            0.5,
                            0.25
                        ],
            "scale": 0.5
        }
    ],
    "target_eff_poses": [
        [
            [
                -0.3839770257472992,
                0.5584465861320496,
                0.4499037265777588
            ],
            [
                -0.5083190202713013,
                0.42932677268981934,
                0.5514131784439087,
                0.5032232999801636
            ]
        ],
        [
            [
                0.5046049952507019,
                -0.5800740718841553,
                0.766801655292511
            ],
            [
                -0.13915443420410156,
                0.06016867235302925,
                0.692412793636322,
                0.7053937315940857
            ]
        ],
        [
            [
                -0.7576925158500671,
                -0.060150813311338425,
                0.6894271373748779
            ],
            [
                -0.2523742914199829,
                0.33003872632980347,
                0.4494589567184448,
                0.7908022999763489
            ]
        ]
    ],
    "start_goal_config": [
        null,
        null,
        null
    ],
    "start_config": [
        [
            -3.0161346804187747,
            -2.425084107354405,
            1.0581960850757854,
            -1.601427854333885,
            -1.6044240819141982,
            2.2416255867344687e-06
        ],
        [
            -3.359812601019893,
            -2.88096363543798,
            1.9402054085346905,
            -1.0202125620647557,
            -2.5008498796087353,
            1.8264915533391056e-05
        ],
        [
            -2.030506894378541,
            -1.6566546312514052,
            1.8847660478980675,
            -1.42209729278265,
            -1.222414354393632,
            -1.2377404799711202e-05
        ]
    ],
    "goal_config": [
        [
            -3.242717824642321,
            -1.7170721680297054,
            1.5674075244551102,
            -1.5359627880585849,
            -1.6091827628460906,
            9.227774929723923e-06
        ],
        [
            -2.911030630748235,
            -2.5369092986324713,
            1.197265134051918,
            -1.4975523422302675,
            -1.9574486465224372,
            2.7238667977733296e-05
        ],
        [
            -3.4013529887046214,
            -2.058352882903656,
            1.3331754021551576,
            -1.5594848254473173,
            -1.7068115645411261,
            1.5093642239944472e-05
        ]
    ],
    "base_poses": [
        [
            [
                -0.2244439818611479,
                0.1407431609290708,
                0.0
            ],
            [
                0.0,
                0.0,
                -0.620967712789513,
                0.7838361433826339
            ]
        ],
        [
            [
                0.518771499009449,
                -0.4497043691278657,
                0.0
            ],
            [
                0.0,
                0.0,
                -0.6568529242518015,
                0.7540187238403679
            ]
        ],
        [
            [
                -0.7711737657342838,
                -0.3263421593921512,
                0.0
            ],
            [
                0.0,
                0.0,
                -0.7552770035129278,
                0.6554057124900063
            ]
        ]
    ],
    "difficulty": 0.2784449419906371
}