{
    "target_eff_poses": [
        [
            [
                -0.44255778193473816,
                0.049545057117938995,
                0.7077162861824036
            ],
            [
                -0.3559379279613495,
                0.06808657944202423,
                0.9155457615852356,
                0.17449460923671722
            ]
        ],
        [
            [
                -0.4704878330230713,
                0.31314581632614136,
                0.6087194681167603
            ],
            [
                -0.05241625756025314,
                0.02466687001287937,
                0.887718915939331,
                0.45672667026519775
            ]
        ],
        [
            [
                -0.5549051761627197,
                -0.16524392366409302,
                0.42451414465904236
            ],
            [
                -0.5963466167449951,
                0.359933465719223,
                0.7159780859947205,
                0.04683974012732506
            ]
        ],
        [
            [
                0.4349133372306824,
                0.06861221790313721,
                0.20975472033023834
            ],
            [
                -0.06794639676809311,
                0.8463035821914673,
                -0.394466370344162,
                0.35149651765823364
            ]
        ]
    ],
    "start_goal_config": [
        null,
        null,
        null,
        null
    ],
    "start_config": [
        [
            -3.2220507286394295,
            -2.26500848549138,
            1.0816788813606122,
            -1.6308613834384498,
            -1.8668096670532104,
            1.950900750943024e-05
        ],
        [
            -1.0897638354399823,
            -0.8489784599016355,
            1.3288926708071427,
            -1.7414014493176595,
            -0.4283532086812521,
            -4.542877196429299e-05
        ],
        [
            -3.0786638937742943,
            -2.3533217879088424,
            1.2619706499398557,
            -1.5174061180777736,
            -1.6503075558048446,
            -3.4728281993943856e-07
        ],
        [
            -4.114147683624851,
            -1.509707569480163,
            1.9174688087756928,
            -1.4437112614992427,
            -1.8722163966292924,
            2.1457168841180967e-05
        ]
    ],
    "goal_config": [
        [
            -3.016873334552782,
            -2.2573629116931224,
            1.3548229404593044,
            -1.4973872067515004,
            -1.5701248388228877,
            8.981873623298535e-07
        ],
        [
            -2.947963167483199,
            -3.014568345798092,
            1.275849931981893,
            -1.2869486554234382,
            -1.6061250551747868,
            1.7181650782236147e-07
        ],
        [
            -1.799111459216794,
            -1.6531031854374802,
            1.5908961785410376,
            -1.5382265872086367,
            -1.0930877318444718,
            -8.517966032241676e-06
        ],
        [
            -5.18904043984659,
            -1.2490525357879054,
            1.698480939355939,
            -1.5627181685620661,
            -2.4938404278513078,
            2.686799596002152e-05
        ]
    ],
    "base_poses": [
        [
            [
                -0.2782607891169354,
                0.10193355872222742,
                0.0
            ],
            [
                0.0,
                0.0,
                -0.2483992138600717,
                0.9686577468609325
            ]
        ],
        [
            [
                -0.599293408347584,
                0.6520372563031476,
                0.0
            ],
            [
                0.0,
                0.0,
                -0.5263706912474324,
                0.8502551942774006
            ]
        ],
        [
            [
                -0.08534464053566082,
                -0.28644077523920153,
                0.0
            ],
            [
                0.0,
                0.0,
                -0.8279409324976406,
                0.56081531032501
            ]
        ],
        [
            [
                0.04223424169134338,
                0.4363531660173141,
                0.0
            ],
            [
                0.0,
                0.0,
                -0.8007074713277357,
                0.5990555444697457
            ]
        ]
    ],
    "difficulty": 0.9581491582808238,
    "dynamic_speed": null
}