{
    "target_eff_poses": [
        [
            [
                0.4363982677459717,
                0.5892954468727112,
                0.3344234526157379
            ],
            [
                0.7582038044929504,
                0.10507173091173172,
                -0.6143247485160828,
                -0.1915515512228012
            ]
        ],
        [
            [
                0.2009515017271042,
                0.16079705953598022,
                0.22343036532402039
            ],
            [
                -0.21601518988609314,
                0.917564868927002,
                0.33214840292930603,
                0.033008694648742676
            ]
        ],
        [
            [
                0.04799548536539078,
                0.6025682091712952,
                0.6062226891517639
            ],
            [
                0.29055118560791016,
                0.4274613857269287,
                -0.1443067193031311,
                0.8438200950622559
            ]
        ],
        [
            [
                -0.4475015103816986,
                0.39214733242988586,
                0.28613799810409546
            ],
            [
                -0.3264162540435791,
                0.7610900402069092,
                -0.11705740541219711,
                0.5481715202331543
            ]
        ]
    ],
    "start_goal_config": [
        null,
        null,
        null,
        null
    ],
    "start_config": [
        [
            -1.802814875189417,
            -2.0666557050436847,
            1.6075000348676096,
            -1.4088437547198818,
            -0.6985178984561672,
            -2.166808655447135e-05
        ],
        [
            -1.5729940993209597,
            -1.317514763619992,
            1.6790447775522206,
            -1.593365913038789,
            -0.9630135865737562,
            -1.056107621151625e-05
        ],
        [
            -1.54216844604909,
            -1.6850269104692517,
            1.764782991014849,
            -1.4561610552854483,
            -0.8876798010610704,
            -7.135472644871603e-06
        ],
        [
            -2.041998446634555,
            -1.989368996534259,
            1.5490022882549284,
            -1.471357505261284,
            -1.1245938419527597,
            -5.7466448605853115e-06
        ]
    ],
    "goal_config": [
        [
            -3.2765611723967356,
            -2.723262527066456,
            2.1740860255117256,
            -0.8489367617808469,
            -2.010753645179903,
            3.086338106705113e-07
        ],
        [
            -2.078898716248619,
            -3.0832320156986626,
            2.51957560025705,
            -0.1169718879297538,
            -0.3302672602752687,
            -2.7052182428203055e-06
        ],
        [
            -2.2769175190963744,
            -2.2084199280673027,
            1.562285532905582,
            -1.4090902852582676,
            -1.1431807788049806,
            -2.6891500135650607e-05
        ],
        [
            -3.1986059827224573,
            -2.9105629912780593,
            2.273340609106507,
            -0.5528302199795394,
            -2.1863304058144486,
            1.623925857285393e-11
        ]
    ],
    "base_poses": [
        [
            [
                0.46420028676744196,
                0.6391981816510965,
                0.0
            ],
            [
                0.0,
                0.0,
                -0.014790941150145181,
                0.9998906080466468
            ]
        ],
        [
            [
                0.42236680667136817,
                0.2567176491985672,
                0.0
            ],
            [
                0.0,
                0.0,
                0.9491946783324641,
                -0.31468947015324483
            ]
        ],
        [
            [
                -0.2084801807125114,
                0.6231307500097889,
                0.0
            ],
            [
                -0.0,
                -0.0,
                0.6854824705390139,
                0.7280891309336583
            ]
        ],
        [
            [
                -0.39184173503112807,
                0.3683817503990727,
                0.0
            ],
            [
                0.0,
                0.0,
                0.9920860615223558,
                -0.12555973292843742
            ]
        ]
    ],
    "difficulty": 0.889129004979799
}