{
    "target_eff_poses": [
        [
            [
                -0.06034765765070915,
                -0.5352172255516052,
                0.4266846477985382
            ],
            [
                -0.4184527099132538,
                0.46590375900268555,
                0.6655909419059753,
                0.4059799015522003
            ]
        ],
        [
            [
                0.5307227373123169,
                -0.5617043972015381,
                0.12137468159198761
            ],
            [
                0.8021712303161621,
                0.5125842094421387,
                -0.17854426801204681,
                0.24879863858222961
            ]
        ]
    ],
    "start_goal_config": [
        null,
        null
    ],
    "start_config": [
        [
            -3.2099978014409283,
            -2.5961791481033716,
            1.6046041952824286,
            -1.279747211777419,
            -1.9676971059197266,
            8.95681093917692e-06
        ],
        [
            -2.699822470680214,
            -1.3703597414958335,
            1.8571570623737723,
            -1.5041860409131174,
            -1.4542621793747899,
            -3.4424422603566363e-06
        ]
    ],
    "goal_config": [
        [
            -2.5400142238338628,
            -2.741452134015877,
            1.97113259779665,
            -1.0178411284854807,
            -1.2794968574046786,
            -1.6160370685916e-05
        ],
        [
            -2.14093917373084,
            -1.6081094505961244,
            2.283366692404416,
            -1.2977194228783302,
            -1.1910736964314756,
            -1.1843515784681555e-05
        ]
    ],
    "base_poses": [
        [
            [
                0.08537704072900887,
                -0.5176099115780441,
                0.0
            ],
            [
                0.0,
                0.0,
                -0.8382967541198618,
                0.545214225815967
            ]
        ],
        [
            [
                0.3869374312012377,
                -0.3061859128144404,
                0.0
            ],
            [
                -0.0,
                -0.0,
                0.2552765620822737,
                0.9668680762396983
            ]
        ]
    ],
    "difficulty": 0.68385460693153,
    "dynamic_speed": null,
    "ur5_count": 2,
    "id": "135063",
    "task_path": "/home/hqh2101/workspace-sharing-multiarm/src/data/8f14d7-hard-vlo-tasks/135063.json"
}