{
    "target_eff_poses": [
        [
            [
                0.5660178661346436,
                -1.0914108753204346,
                0.15810133516788483
            ],
            [
                0.058372002094984055,
                0.814956545829773,
                -0.29237136244773865,
                0.49694812297821045
            ]
        ],
        [
            [
                0.6004762053489685,
                0.6941097974777222,
                0.38540786504745483
            ],
            [
                0.1610155999660492,
                0.6917057037353516,
                -0.3201953172683716,
                0.6269705891609192
            ]
        ]
    ],
    "start_goal_config": [
        null,
        null
    ],
    "start_config": [
        [
            -3.7225631638973646,
            -2.073814130555523,
            2.1030591520530324,
            -1.182616945761232,
            -1.8747070809159865,
            1.3365385805618162e-05
        ],
        [
            -3.0483518763099715,
            -2.971510862371876,
            1.2673918094965888,
            -1.3116574378812988,
            -1.4522583861281586,
            -8.30612503633904e-06
        ]
    ],
    "goal_config": [
        [
            -4.656389587569447,
            -1.117255298574699,
            1.570145216824194,
            -1.6819364262013035,
            -2.0310804169529026,
            2.9426688170115052e-05
        ],
        [
            -3.1353067950281766,
            -2.6024273308688075,
            2.052389794157709,
            -1.0119889007759926,
            -1.8142612475805924,
            1.32975353759485e-05
        ]
    ],
    "base_poses": [
        [
            [
                0.051770950737555665,
                -0.7995411433022842,
                0.0
            ],
            [
                0.0,
                0.0,
                0.8979259737391657,
                -0.44014650479649503
            ]
        ],
        [
            [
                0.5019741803923807,
                0.6754135945427264,
                0.0
            ],
            [
                0.0,
                0.0,
                0.9381402675642735,
                0.34625545248332656
            ]
        ]
    ],
    "difficulty": 0.012696322768738832,
    "dynamic_speed": null,
    "ur5_count": 2,
    "id": "135011",
    "task_path": "/home/hqh2101/workspace-sharing-multiarm/src/data/8f14d7-hard-vlo-tasks/135011.json"
}