{
    "target_eff_poses": [
        [
            [
                -0.25085827708244324,
                -0.09682532399892807,
                0.5639596581459045
            ],
            [
                0.10996191948652267,
                -0.02668585628271103,
                0.7649146914482117,
                0.6341149210929871
            ]
        ]
    ],
    "start_goal_config": [
        null
    ],
    "start_config": [
        [
            -2.917236943759678,
            -2.6045868387071973,
            2.0093534423684893,
            -1.0405285941479332,
            -1.671622166659509,
            6.235799783966596e-06
        ]
    ],
    "goal_config": [
        [
            -2.7100707458957682,
            -3.123665717633481,
            1.0771025535724106,
            -1.3218375155802768,
            -2.0250124773606126,
            -3.121661490577e-05
        ]
    ],
    "base_poses": [
        [
            [
                -0.5151450834313382,
                0.3448307575360532,
                0.0
            ],
            [
                0.0,
                0.0,
                -0.6294361137473062,
                0.7770522367966572
            ]
        ]
    ],
    "difficulty": 0.0,
    "dynamic_speed": null,
    "ur5_count": 1,
    "id": "135044",
    "task_path": "/home/huy/programming/projects/workspace-sharing-multiarm/src/data/8f14d7-hard-vlo-tasks/135044.json"
}