{
    "target_eff_poses": [
        [
            [
                -1.056699275970459,
                -0.8769852519035339,
                0.6326983571052551
            ],
            [
                -0.4346977174282074,
                -0.3562120497226715,
                0.7815439701080322,
                0.27081358432769775
            ]
        ]
    ],
    "start_goal_config": [
        null
    ],
    "start_config": [
        [
            -5.3219876146675045,
            -1.5622903694509787,
            1.8950532561723095,
            -1.3550894027410931,
            -2.8145496410317485,
            2.4712863622358926e-05
        ]
    ],
    "goal_config": [
        [
            -4.864881577118959,
            -1.939818899449954,
            1.4758210486187364,
            -1.4839545423713623,
            -2.5908529012229646,
            2.9761683225491348e-05
        ]
    ],
    "base_poses": [
        [
            [
                -0.7647472065018243,
                -0.7711752570275285,
                0.0
            ],
            [
                -0.0,
                -0.0,
                0.8614483703791898,
                0.5078451586566897
            ]
        ]
    ],
    "difficulty": 0.0,
    "dynamic_speed": null
}