{
    "target_eff_poses": [
        [
            [
                -0.24427716434001923,
                -0.07643061131238937,
                0.38301876187324524
            ],
            [
                0.7290447354316711,
                -0.20145530998706818,
                -0.6452125906944275,
                0.10775069892406464
            ]
        ],
        [
            [
                0.8089331984519958,
                0.7754979133605957,
                0.4084019362926483
            ],
            [
                -0.14520755410194397,
                0.6853522658348083,
                0.14061571657657623,
                0.6995957493782043
            ]
        ],
        [
            [
                -0.7614861130714417,
                -0.9734301567077637,
                0.4705558121204376
            ],
            [
                -0.6199038624763489,
                0.16865980625152588,
                0.7373744249343872,
                -0.20869140326976776
            ]
        ]
    ],
    "start_goal_config": [
        null,
        null,
        null
    ],
    "start_config": [
        [
            -3.4716923442960224,
            -1.450339316835405,
            1.35531444657565,
            -1.6951052661222916,
            -1.6370775940960298,
            1.0491174830351632e-05
        ],
        [
            -3.651180621849968,
            -1.9702418682874414,
            1.168810891694396,
            -1.6599736291793126,
            -1.7924431609435008,
            2.032683785668553e-05
        ],
        [
            -3.436024420906524,
            -2.624838143267177,
            1.6099948598414688,
            -1.2924267257873674,
            -2.84597642974331,
            3.222054277410038e-05
        ]
    ],
    "goal_config": [
        [
            -2.065890627834927,
            -2.236444904353195,
            2.0052119895487195,
            -1.1948701785955431,
            -1.1357252561107267,
            -1.7336646274365686e-05
        ],
        [
            -3.141091283852776,
            -1.6760937240650509,
            1.6127631670561677,
            -1.5258793852883938,
            -1.581229313615648,
            8.681371447944392e-06
        ],
        [
            -1.7016664412989844,
            -1.563731075086753,
            1.436986313834221,
            -1.6194827568665628,
            -1.029342406920811,
            -2.491108396925866e-05
        ]
    ],
    "base_poses": [
        [
            [
                -0.032290826400830364,
                0.06624723146124223,
                0.0
            ],
            [
                0.0,
                0.0,
                -0.5562964647711954,
                0.8309839007363922
            ]
        ],
        [
            [
                0.44407653503087685,
                0.5007661538342871,
                0.0
            ],
            [
                0.0,
                0.0,
                0.97940105634606,
                -0.2019246662204045
            ]
        ],
        [
            [
                -0.258550937445847,
                -0.7921708743391062,
                0.0
            ],
            [
                0.0,
                0.0,
                -0.6555362918593955,
                0.7551636710377647
            ]
        ]
    ],
    "difficulty": 0.727734411737045,
    "dynamic_speed": null,
    "ur5_count": 3,
    "id": "135024",
    "task_path": "/home/huy/programming/projects/workspace-sharing-multiarm/src/data/8f14d7-hard-vlo-tasks/135024.json"
}