{
    "target_eff_poses": [
        [
            [
                -0.005992383696138859,
                1.065586805343628,
                0.18344280123710632
            ],
            [
                -0.46038228273391724,
                0.7779237031936646,
                0.09948386251926422,
                0.41591569781303406
            ]
        ],
        [
            [
                -0.41953742504119873,
                0.13841485977172852,
                0.476248174905777
            ],
            [
                -0.32992058992385864,
                0.559880793094635,
                0.13595929741859436,
                0.7477974891662598
            ]
        ]
    ],
    "start_goal_config": [
        null,
        null
    ],
    "start_config": [
        [
            -3.4753569683934913,
            -2.2634404809867856,
            1.1592245037314046,
            -1.5891581344169778,
            -2.1984056203608806,
            3.1958111369648246e-05
        ],
        [
            -5.0757907692786395,
            -1.7856080038696862,
            1.573847641599187,
            -1.4713916395765914,
            -2.5432319398402257,
            3.1484852812344945e-05
        ]
    ],
    "goal_config": [
        [
            -3.980013573048853,
            -1.62020425587664,
            2.080195443378675,
            -1.3437629386781955,
            -1.8703742805303383,
            2.0474574488852242e-05
        ],
        [
            -4.260948496106902,
            -1.7386499766513248,
            1.5491793413391637,
            -1.537316600222341,
            -1.9234449255908268,
            3.406079244221777e-05
        ]
    ],
    "base_poses": [
        [
            [
                -0.19018312559608896,
                0.7887551007204225,
                0.0
            ],
            [
                0.0,
                0.0,
                -0.6939749488862472,
                0.7199991460538898
            ]
        ],
        [
            [
                -0.7004600190727243,
                -0.18910282286016356,
                0.0
            ],
            [
                0.0,
                0.0,
                -0.6091054397479334,
                0.7930892530286088
            ]
        ]
    ],
    "difficulty": 0.16693313270008464,
    "dynamic_speed": null
}