{
    "target_eff_poses": [
        [
            [
                1.1580935716629028,
                -0.26090583205223083,
                0.2535116970539093
            ],
            [
                0.9016192555427551,
                -0.2690858244895935,
                0.1839672476053238,
                -0.284309059381485
            ]
        ]
    ],
    "start_goal_config": [
        null
    ],
    "start_config": [
        [
            -3.565166612298899,
            -2.28222620293246,
            2.280595966764769,
            -0.9814777037803772,
            -1.9568436212219307,
            6.860685197076799e-06
        ]
    ],
    "goal_config": [
        [
            -5.560208300517519,
            -1.2791826477009898,
            1.7936054997444368,
            -1.205400873993904,
            -3.425857660390101,
            -4.267374276023467e-05
        ]
    ],
    "base_poses": [
        [
            [
                0.7279973744885877,
                -0.6074036494488619,
                0.0
            ],
            [
                0.0,
                0.0,
                -0.00825239645990049,
                0.9999659483965785
            ]
        ]
    ],
    "difficulty": 0.0,
    "dynamic_speed": null,
    "ur5_count": 1,
    "id": "135001",
    "task_path": "/home/huy/programming/projects/workspace-sharing-multiarm/src/data/8f14d7-hard-vlo-tasks/135001.json"
}