{
    "target_eff_poses": [
        [
            [
                -0.5892612338066101,
                -1.094497799873352,
                0.3150655925273895
            ],
            [
                0.6859030723571777,
                0.42743849754333496,
                -0.3722061812877655,
                0.45639458298683167
            ]
        ]
    ],
    "start_goal_config": [
        null
    ],
    "start_config": [
        [
            -2.574256831531033,
            -2.8428772795972415,
            1.385625936216108,
            -1.315516433438294,
            -2.44149094386423,
            3.6309108797778174e-05
        ]
    ],
    "goal_config": [
        [
            -2.0795932930735037,
            -1.811900980102934,
            1.9158668680662074,
            -1.3634189769892304,
            -1.2414331500878857,
            -1.1453079532159882e-05
        ]
    ],
    "base_poses": [
        [
            [
                -0.6960890022680353,
                -0.73703956913683,
                0.0
            ],
            [
                -0.0,
                -0.0,
                0.18980643904610153,
                0.9818215294525979
            ]
        ]
    ],
    "difficulty": 0.0
}