{
    "target_eff_poses": [
        [
            [
                0.7522932887077332,
                0.37484118342399597,
                0.4689284861087799
            ],
            [
                0.004446293227374554,
                0.6628647446632385,
                -0.1818561553955078,
                0.7263049483299255
            ]
        ],
        [
            [
                -0.35833853483200073,
                0.19860981404781342,
                0.5268526673316956
            ],
            [
                0.14192473888397217,
                0.588137686252594,
                -0.15536384284496307,
                0.780905544757843
            ]
        ]
    ],
    "start_goal_config": [
        null,
        null
    ],
    "start_config": [
        [
            -2.7484429046696417,
            -0.9641233888715787,
            1.162633974018269,
            -1.887057606540042,
            -1.40747836129525,
            -8.19934644259113e-06
        ],
        [
            -3.84380076305061,
            -1.483683192014553,
            2.3555079738421663,
            -1.2919893272208007,
            -1.916331592212814,
            1.3974647908467302e-05
        ]
    ],
    "goal_config": [
        [
            -3.8592909660554366,
            -1.8514813455220445,
            1.6322214960641273,
            -1.4730104216901572,
            -1.8094325499739656,
            2.004865450547666e-05
        ],
        [
            -2.9001170062432617,
            -1.9854913176379045,
            1.5972084575043264,
            -1.4537282422831748,
            -1.5304012847523447,
            3.5513139237095675e-06
        ]
    ],
    "base_poses": [
        [
            [
                0.3701778582420505,
                0.3922586061841835,
                0.0
            ],
            [
                0.0,
                0.0,
                0.9730163010722553,
                -0.23073638171659464
            ]
        ],
        [
            [
                -0.6948086184447737,
                0.22817397435959208,
                0.0
            ],
            [
                0.0,
                0.0,
                0.9436440042894213,
                0.3309622231745286
            ]
        ]
    ],
    "difficulty": 0.17996428907057607,
    "dynamic_speed": null
}