{
    "target_eff_poses": [
        [
            [
                -0.26815855503082275,
                -0.10660899430513382,
                0.661177933216095
            ],
            [
                -0.3521591126918793,
                0.3086644113063812,
                0.8556405305862427,
                0.2204304188489914
            ]
        ],
        [
            [
                -0.4556102156639099,
                -0.21802683174610138,
                0.39662617444992065
            ],
            [
                0.706116259098053,
                -0.06064869090914726,
                -0.7044042348861694,
                0.03919561952352524
            ]
        ],
        [
            [
                -0.13334710896015167,
                -0.025562303140759468,
                0.14742721617221832
            ],
            [
                0.8440589308738708,
                0.06554042547941208,
                -0.5016751885414124,
                0.17773859202861786
            ]
        ],
        [
            [
                -0.29970598220825195,
                0.4448601305484772,
                0.721047580242157
            ],
            [
                -0.25919109582901,
                -0.28686368465423584,
                0.9104100465774536,
                -0.14725105464458466
            ]
        ]
    ],
    "start_goal_config": [
        null,
        null,
        null,
        null
    ],
    "start_config": [
        [
            -3.1123211641321604,
            -2.5198322937968594,
            1.3583014446818635,
            -1.4233365307116552,
            -2.0304832509700286,
            1.4497056985529377e-05
        ],
        [
            -3.8600365933655283,
            -2.432619753950488,
            1.7663577145616116,
            -1.2542665211686514,
            -2.1781318329822463,
            2.1712075187956648e-05
        ],
        [
            -2.8528253836319175,
            -3.0261251247931806,
            1.8140113460639031,
            -0.9825202243358997,
            -1.6595010794365785,
            3.551788934135818e-06
        ],
        [
            -2.833150785235434,
            -2.7386160601703153,
            1.9735035367940126,
            -1.0088506897143656,
            -1.6264818520484188,
            1.5827885031012376e-06
        ]
    ],
    "goal_config": [
        [
            -2.0591938925338686,
            -1.8890355589497356,
            1.3202936734092585,
            -1.5981467891842973,
            -1.1032502144071754,
            -1.7511666033660213e-05
        ],
        [
            -2.5597774362276007,
            -2.5020401523059363,
            2.0168198583190606,
            -1.0810191221179,
            -1.42952976185127,
            -7.863553694017108e-18
        ],
        [
            -2.286333808298793,
            -1.207581578450305,
            1.6983050593160343,
            -1.6131888728508386,
            -1.3077982420955205,
            3.0305947863242716e-08
        ],
        [
            -4.052027166398593,
            -2.183618032202797,
            1.3507643422962972,
            -1.5147992541478204,
            -2.2465040172626773,
            3.7379803871319204e-05
        ]
    ],
    "base_poses": [
        [
            [
                0.06263279172926484,
                -0.2936759097188876,
                0.0
            ],
            [
                0.0,
                0.0,
                -0.8558099890615766,
                0.5172903078759779
            ]
        ],
        [
            [
                -0.35178877963768684,
                -0.09364079554543603,
                0.0
            ],
            [
                0.0,
                0.0,
                -0.30120354061902166,
                0.9535598707572406
            ]
        ],
        [
            [
                0.29102474860234406,
                0.3193387291523162,
                0.0
            ],
            [
                0.0,
                0.0,
                -0.21689904031847876,
                0.9761940413201275
            ]
        ],
        [
            [
                -0.23721093263831872,
                0.5926740031428728,
                0.0
            ],
            [
                -0.0,
                -0.0,
                0.8154058749355009,
                0.5788896778494762
            ]
        ]
    ],
    "difficulty": 0.741909220435579
}