{
    "target_eff_poses": [
        [
            [
                -0.36099693179130554,
                -0.28138238191604614,
                0.3434924781322479
            ],
            [
                0.3672517240047455,
                0.6355538368225098,
                -0.5270716547966003,
                0.42824408411979675
            ]
        ],
        [
            [
                0.6697344779968262,
                -0.06343366950750351,
                0.6894403696060181
            ],
            [
                -0.33570247888565063,
                0.14629800617694855,
                0.689899742603302,
                0.6244509816169739
            ]
        ]
    ],
    "start_goal_config": [
        null,
        null
    ],
    "start_config": [
        [
            -3.8926732135075572,
            -1.745848787387319,
            1.4082990179527743,
            -1.6002062757486806,
            -1.7959369941740797,
            2.3113583499616372e-05
        ],
        [
            -2.052180185073094,
            -2.1226414823635724,
            1.555961978192145,
            -1.4314958061710543,
            -0.99741056628408,
            -2.313356154287867e-05
        ]
    ],
    "goal_config": [
        [
            -3.099851681682949,
            -2.806274495986081,
            2.138435030771562,
            -0.8252701515112604,
            -1.9353073260820293,
            8.976624261667563e-06
        ],
        [
            -3.3583102565292458,
            -2.376992728068091,
            1.4194233307255424,
            -1.4341792214395535,
            -1.8954852214602664,
            2.4974652193272087e-05
        ]
    ],
    "base_poses": [
        [
            [
                -0.4216905979958039,
                -0.2995931222664785,
                0.0
            ],
            [
                -0.0,
                -0.0,
                0.7471104387303796,
                0.6646999265383589
            ]
        ],
        [
            [
                0.7617517826199005,
                -0.10275167793659246,
                0.0
            ],
            [
                0.0,
                0.0,
                -0.4483654204082627,
                0.8938503508877321
            ]
        ]
    ],
    "difficulty": 0.12049211119459054,
    "dynamic_speed": null
}