{
    "target_eff_poses": [
        [
            [
                0.31428179144859314,
                -0.7126296758651733,
                0.8352975249290466
            ],
            [
                -0.04960739240050316,
                0.12416601926088333,
                0.04239540919661522,
                0.9901134371757507
            ]
        ],
        [
            [
                0.17089904844760895,
                -0.6512442827224731,
                0.5251845717430115
            ],
            [
                -0.031875722110271454,
                0.5528707504272461,
                -0.5536556839942932,
                0.6219190359115601
            ]
        ],
        [
            [
                -0.5343376994132996,
                -0.776811420917511,
                0.1111963540315628
            ],
            [
                0.9411371350288391,
                0.0429532565176487,
                -0.33112475275993347,
                -0.05265350639820099
            ]
        ],
        [
            [
                0.9684100151062012,
                0.06507634371519089,
                0.702161967754364
            ],
            [
                -0.06265924125909805,
                -0.01925298012793064,
                0.9419727325439453,
                0.329227089881897
            ]
        ]
    ],
    "start_goal_config": [
        null,
        null,
        null,
        null
    ],
    "start_config": [
        [
            -2.5866379496169225,
            -1.9840628065793458,
            1.2662640219826757,
            -1.607889623510484,
            -1.349722179419435,
            -7.315582897458394e-06
        ],
        [
            -3.2323479974162046,
            -2.753119968660959,
            2.0949703293461157,
            -0.9120556233687904,
            -1.9829975552327452,
            1.5126269705616084e-10
        ],
        [
            -3.1820138245518006,
            -1.6094667110350283,
            1.4840130293637097,
            -1.5998407887536383,
            -1.5785389195574293,
            6.640409417982335e-06
        ],
        [
            -3.4766337654047836,
            -0.9236183367621837,
            1.0986550185626693,
            -1.925078927224778,
            -1.5931952035576686,
            3.5279523810523525e-06
        ]
    ],
    "goal_config": [
        [
            -3.14646068146801,
            -2.302624101855998,
            1.0608986976297157,
            -1.6316457936188427,
            -1.9081002550858264,
            1.872693116215549e-17
        ],
        [
            -5.076920478215271,
            -1.2945121742167167,
            1.1011848497469017,
            -1.774416834620487,
            -2.3557962631314786,
            4.5948518031374654e-05
        ],
        [
            -3.6713846565744865,
            -1.4646964219399938,
            2.1450973494528593,
            -1.364216242054153,
            -1.7740982443182676,
            -2.810154464750051e-12
        ],
        [
            -2.553377691884295,
            -2.8039500000498623,
            1.2035005285056892,
            -1.4099272528190285,
            -2.2053466243500193,
            3.407635539830047e-05
        ]
    ],
    "base_poses": [
        [
            [
                0.3540637953618617,
                -0.7672414413138345,
                0.0
            ],
            [
                0.0,
                0.0,
                0.9772150343981897,
                -0.21225168208083764
            ]
        ],
        [
            [
                -0.3287908566533794,
                -0.27757033472401904,
                0.0
            ],
            [
                0.0,
                0.0,
                -0.8063869749103882,
                0.5913882368587261
            ]
        ],
        [
            [
                -0.21600551478065388,
                -0.7292161722682154,
                0.0
            ],
            [
                -0.0,
                -0.0,
                0.20733809434419528,
                0.9782693466697797
            ]
        ],
        [
            [
                0.6733838660581104,
                0.10837640702027385,
                0.0
            ],
            [
                0.0,
                0.0,
                -0.3079788469730195,
                0.9513932046305404
            ]
        ]
    ],
    "difficulty": 0.8197707197895132,
    "dynamic_speed": null
}