{
    "target_eff_poses": [
        [
            [
                0.7069043517112732,
                0.03851700946688652,
                0.43827441334724426
            ],
            [
                0.1743907928466797,
                0.5164068341255188,
                -0.24827277660369873,
                0.8007948994636536
            ]
        ],
        [
            [
                -0.6507858633995056,
                -0.7598037123680115,
                0.5025660991668701
            ],
            [
                -0.5941473841667175,
                -0.027544908225536346,
                0.6851083636283875,
                0.4205433428287506
            ]
        ]
    ],
    "start_goal_config": [
        null,
        null
    ],
    "start_config": [
        [
            -3.851397538633346,
            -1.7484750615408806,
            1.4693671067237442,
            -1.5720405269889755,
            -1.7839511947053375,
            2.2999231885689857e-05
        ],
        [
            -4.265431748764544,
            -1.1856809759648896,
            1.430127815232626,
            -1.7215252122995697,
            -1.858344025507223,
            2.4802181802208512e-05
        ]
    ],
    "goal_config": [
        [
            -2.79207177759181,
            -2.909766409341665,
            1.901370806059587,
            -0.9802799384368518,
            -1.5457550278411774,
            -2.8073879311182945e-06
        ],
        [
            -3.682941161335255,
            -2.548511321907559,
            1.8541160684353601,
            -1.1731868789470432,
            -2.167658967364482,
            2.1813973080111896e-05
        ]
    ],
    "base_poses": [
        [
            [
                0.6938652507290957,
                -0.09078792188996532,
                0.0
            ],
            [
                0.0,
                0.0,
                0.8833109325734566,
                0.46878758131611203
            ]
        ],
        [
            [
                -0.5712251758271409,
                -0.7624897474459713,
                0.0
            ],
            [
                -0.0,
                -0.0,
                0.018581065013209785,
                0.9998273571087034
            ]
        ]
    ],
    "difficulty": 0.036626596543951916,
    "dynamic_speed": null
}