{
    "target_eff_poses": [
        [
            [
                0.7740265130996704,
                0.3767440617084503,
                0.25742149353027344
            ],
            [
                0.3601418435573578,
                0.8072323799133301,
                -0.34738078713417053,
                0.3130500614643097
            ]
        ],
        [
            [
                -0.6903800964355469,
                -0.24948951601982117,
                0.7572218775749207
            ],
            [
                -0.327962189912796,
                -0.01158022042363882,
                0.9443232417106628,
                -0.023670541122555733
            ]
        ],
        [
            [
                -0.32533299922943115,
                0.126469224691391,
                0.11169034987688065
            ],
            [
                0.7583647966384888,
                0.04450115188956261,
                -0.6425453424453735,
                -0.10018984973430634
            ]
        ]
    ],
    "start_goal_config": [
        null,
        null,
        null
    ],
    "start_config": [
        [
            -5.312409146577509,
            -1.0277454098431753,
            1.3773174702242408,
            -1.6641531960991365,
            -2.667640049164709,
            9.307542802513126e-05
        ],
        [
            -2.7121139640401974,
            -2.2530686825392516,
            2.2318599383075943,
            -1.0234091289793736,
            -1.5547601746722837,
            -9.76921439451626e-19
        ],
        [
            -4.376660239579338,
            -2.1991732597904443,
            1.772812662195412,
            -1.3181531549895753,
            -2.218481729570517,
            -2.3662630432662897e-08
        ]
    ],
    "goal_config": [
        [
            -3.6322846200425185,
            -2.2789519583254685,
            2.2867676462704805,
            -0.9810177047337049,
            -1.9884825949460672,
            7.8241533989778e-06
        ],
        [
            -3.215679926481461,
            -1.8039310315860688,
            1.0762858448134347,
            -1.7452223584977689,
            -1.5810384754340963,
            6.236307646091853e-06
        ],
        [
            -4.101188931072846,
            -0.8745086614265508,
            1.3042107487209549,
            -1.8456803832918203,
            -1.7840876477993608,
            1.9107547903100513e-05
        ]
    ],
    "base_poses": [
        [
            [
                0.6811012358557347,
                0.48030912566645534,
                0.0
            ],
            [
                0.0,
                0.0,
                0.9274961505482162,
                0.3738327041849612
            ]
        ],
        [
            [
                -0.34213341270949926,
                -0.1204264275983109,
                0.0
            ],
            [
                -0.0,
                -0.0,
                0.0671759524654685,
                0.9977411444910734
            ]
        ],
        [
            [
                0.3823556730585156,
                0.14029649106971642,
                0.0
            ],
            [
                -0.0,
                -0.0,
                0.4184823083420662,
                0.9082249487900538
            ]
        ]
    ],
    "difficulty": 0.859023793849337,
    "dynamic_speed": null
}