{
    "target_eff_poses": [
        [
            [
                -0.6052770018577576,
                -0.30358484387397766,
                0.7518103122711182
            ],
            [
                0.17247521877288818,
                0.2101988047361374,
                -0.08300885558128357,
                0.958737850189209
            ]
        ]
    ],
    "start_goal_config": [
        null
    ],
    "start_config": [
        [
            -4.652898206594128,
            -1.9200989047442463,
            1.8990858798340864,
            -1.3394286205498296,
            -2.179844337069746,
            2.008069225350087e-05
        ]
    ],
    "goal_config": [
        [
            -2.7305599569383165,
            -2.397608331847624,
            1.29354648252712,
            -1.4867716387923384,
            -0.9699822906271467,
            -3.265028620317146e-05
        ]
    ],
    "base_poses": [
        [
            [
                -0.7362526075003498,
                -0.4309631563373719,
                0.0
            ],
            [
                -0.0,
                -0.0,
                0.8296626629355731,
                0.5582650497126375
            ]
        ]
    ],
    "difficulty": 0.0,
    "dynamic_speed": null,
    "ur5_count": 1,
    "id": "135043",
    "task_path": "/home/hqh2101/workspace-sharing-multiarm/src/data/8f14d7-hard-vlo-tasks/135043.json"
}