{
    "target_eff_poses": [
        [
            [
                -0.6075477004051208,
                0.276888906955719,
                0.7194039225578308
            ],
            [
                -0.2653855085372925,
                0.27168193459510803,
                0.6224565505981445,
                0.6843298673629761
            ]
        ],
        [
            [
                0.4394635558128357,
                -0.24386359751224518,
                0.4657941460609436
            ],
            [
                0.2721123993396759,
                0.47728073596954346,
                -0.12415055930614471,
                0.8262835741043091
            ]
        ],
        [
            [
                0.2980024516582489,
                0.237365260720253,
                0.5355213284492493
            ],
            [
                -0.47812458872795105,
                -0.161304771900177,
                0.8632232546806335,
                0.014945071190595627
            ]
        ],
        [
            [
                -0.1499161571264267,
                -0.38027825951576233,
                0.829662561416626
            ],
            [
                -0.1125883162021637,
                -0.06634383648633957,
                0.9657993912696838,
                0.22395074367523193
            ]
        ]
    ],
    "start_goal_config": [
        null,
        null,
        null,
        null
    ],
    "start_config": [
        [
            -3.9862185191958592,
            -2.528729322527626,
            2.2915968881921605,
            -0.9005304776650701,
            -2.351119273156144,
            -2.4259277699509594e-06
        ],
        [
            -3.631157830503694,
            -1.6911386927501282,
            2.2252237813770512,
            -1.2527584034148498,
            -1.8058524837468717,
            2.4247698153000012e-06
        ],
        [
            -2.8155452076030993,
            -2.7416533411257067,
            1.34479918092247,
            -1.360376787591732,
            -1.9534942687032164,
            -2.773330481393479e-05
        ],
        [
            -3.034972660821908,
            -2.562682761860689,
            1.0597557088781662,
            -1.561930481278056,
            -1.5222859954506454,
            1.5315521972526058e-06
        ]
    ],
    "goal_config": [
        [
            -3.2541132286857954,
            -1.8596931298560535,
            1.179178388145721,
            -1.6819378419760889,
            -1.6063937107952289,
            7.869497892829567e-06
        ],
        [
            -2.06573149314321,
            -1.2285657518277047,
            1.1005163124288793,
            -1.8502410431136622,
            -1.2017594511212615,
            -1.5424710139580156e-05
        ],
        [
            -3.188718557339598,
            -2.6534523649190906,
            1.7533814335471303,
            -1.1836731907679205,
            -1.913498225426999,
            2.2424925374831135e-05
        ],
        [
            -3.0410853665163664,
            -2.365636811949936,
            1.0852487473405457,
            -1.5991075090294868,
            -2.3310746588860556,
            -2.2956909088668237e-05
        ]
    ],
    "base_poses": [
        [
            [
                -0.5234247786047688,
                -0.07142184111459304,
                0.0
            ],
            [
                0.0,
                0.0,
                -0.6879423619626606,
                0.725765324755348
            ]
        ],
        [
            [
                -0.18072452004098083,
                0.04612335266083023,
                0.0
            ],
            [
                -0.0,
                -0.0,
                0.6436104825318267,
                0.7653532170018946
            ]
        ],
        [
            [
                0.2886308233249777,
                0.30308348253506034,
                0.0
            ],
            [
                -0.0,
                -0.0,
                0.17667640064114581,
                0.9842689924286396
            ]
        ],
        [
            [
                -0.22782296646894806,
                -0.3842602737028221,
                0.0
            ],
            [
                -0.0,
                -0.0,
                0.10185317330864564,
                0.9947994426450786
            ]
        ]
    ],
    "difficulty": 0.9802724283701268,
    "dynamic_speed": null
}