{
    "target_eff_poses": [
        [
            [
                -0.056920889765024185,
                0.25968867540359497,
                0.6652693748474121
            ],
            [
                0.07872941344976425,
                0.35369062423706055,
                -0.5673006772994995,
                0.7395097017288208
            ]
        ]
    ],
    "start_goal_config": [
        null
    ],
    "start_config": [
        [
            -2.651503244136029,
            -0.9838023956679607,
            1.071039328244779,
            -1.9225425022312241,
            -1.3766775387864378,
            -8.8191640545423e-06
        ]
    ],
    "goal_config": [
        [
            -3.250279718509453,
            -2.516979754088533,
            1.481385403362279,
            -1.3644140365334205,
            -2.006179366472778,
            3.218771842860985e-05
        ]
    ],
    "base_poses": [
        [
            [
                -0.10250659507414395,
                0.22951302588191358,
                0.0
            ],
            [
                0.0,
                0.0,
                0.9277963221994281,
                0.3730871004379741
            ]
        ]
    ],
    "difficulty": 0.0,
    "dynamic_speed": null,
    "ur5_count": 1,
    "id": "135070",
    "task_path": "/home/hqh2101/workspace-sharing-multiarm/src/data/8f14d7-hard-vlo-tasks/135070.json"
}