{
    "target_eff_poses": [
        [
            [
                -0.7445357441902161,
                -0.07180441170930862,
                0.2053777128458023
            ],
            [
                0.9198768138885498,
                -0.060509420931339264,
                -0.3564583659172058,
                -0.15199518203735352
            ]
        ],
        [
            [
                0.2924812436103821,
                0.14945514500141144,
                0.5154261589050293
            ],
            [
                -0.32420632243156433,
                0.5069493651390076,
                0.44505563378334045,
                0.6631878018379211
            ]
        ]
    ],
    "start_goal_config": [
        null,
        null
    ],
    "start_config": [
        [
            -4.150717553269312,
            -2.2924173866326223,
            1.962110372013338,
            -1.199247034742485,
            -2.139289603035568,
            3.056700122477208e-08
        ],
        [
            -1.344277747377651,
            -1.275803798569611,
            1.5688844006593283,
            -1.6245727483829995,
            -0.769108576691875,
            -2.6756714799113426e-05
        ]
    ],
    "goal_config": [
        [
            -3.676943235241141,
            -1.9895800624218587,
            2.2956380088238646,
            -1.10191245696553,
            -1.9081538610608604,
            1.7772222080966354e-05
        ],
        [
            -3.045960631979603,
            -1.7399820456813633,
            1.4659199832183203,
            -1.5761394480553335,
            -1.5487185457391404,
            6.620030096187775e-06
        ]
    ],
    "base_poses": [
        [
            [
                -0.5514131399998652,
                -0.09547949365384445,
                0.0
            ],
            [
                -0.0,
                -0.0,
                0.03330857691146305,
                0.9994451154036089
            ]
        ],
        [
            [
                0.2223351077995992,
                -0.2921401672298265,
                0.0
            ],
            [
                0.0,
                0.0,
                -0.8616913325768093,
                0.5074328008337685
            ]
        ]
    ],
    "difficulty": 0.35256530727306895,
    "dynamic_speed": null
}