{
    "target_eff_poses": [
        [
            [
                0.3145683705806732,
                -0.7467644214630127,
                0.22942805290222168
            ],
            [
                0.7233783602714539,
                0.0842306837439537,
                -0.41777870059013367,
                0.5432218909263611
            ]
        ]
    ],
    "start_goal_config": [
        null
    ],
    "start_config": [
        [
            -4.819964687353098,
            -1.984418492913003,
            1.5837394286047086,
            -1.4418190986638009,
            -2.4488600040847803,
            3.424367963043196e-05
        ]
    ],
    "goal_config": [
        [
            -1.3210089302442847,
            -0.9675261207390065,
            1.261051559848148,
            -1.8035213060111144,
            -0.7715180841467885,
            -2.8748366061464357e-05
        ]
    ],
    "base_poses": [
        [
            [
                0.5035591909514883,
                -0.03751193989229029,
                0.0
            ],
            [
                0.0,
                0.0,
                -0.38457121564145386,
                0.9230953255758879
            ]
        ]
    ],
    "difficulty": 0.0,
    "dynamic_speed": null
}