{
    "target_eff_poses": [
        [
            [
                0.011052164249122143,
                -0.26751214265823364,
                0.49905291199684143
            ],
            [
                -0.521945595741272,
                0.3266606032848358,
                0.4954121708869934,
                0.6127253174781799
            ]
        ],
        [
            [
                0.36766329407691956,
                0.1312468945980072,
                0.059610139578580856
            ],
            [
                -0.21050657331943512,
                0.9681410193443298,
                -0.07850908488035202,
                0.11057284474372864
            ]
        ],
        [
            [
                -1.1509078741073608,
                -0.3217834234237671,
                0.16122345626354218
            ],
            [
                0.7448911070823669,
                -0.22676360607147217,
                -0.5667458772659302,
                -0.2692854404449463
            ]
        ]
    ],
    "start_goal_config": [
        null,
        null,
        null
    ],
    "start_config": [
        [
            -1.8654599694883274,
            -2.0106039993421714,
            1.5095603744709938,
            -1.474200702697641,
            -0.8777637074463484,
            -2.615601421468639e-05
        ],
        [
            -2.1247564291841154,
            -1.1930174773261455,
            1.548489258784314,
            -1.6742219261001858,
            -1.2467652561918152,
            -1.8286679514207734e-05
        ],
        [
            -3.6487018203268637,
            -2.160035395663177,
            1.2882059022726577,
            -1.5549158680965691,
            -1.9022355083933444,
            2.3739778263414696e-05
        ]
    ],
    "goal_config": [
        [
            -3.570108686562851,
            -2.3736724195009824,
            1.8055124679670151,
            -1.246777117330777,
            -1.9024603730208403,
            2.3403299194748854e-05
        ],
        [
            -4.383346002380871,
            -1.4766718880845642,
            2.515084563052944,
            -1.31045733580251,
            -2.4022756302360633,
            1.759598111829541e-05
        ],
        [
            -3.834952055696059,
            -1.0482445453302631,
            1.4419151142895237,
            -1.7502608170036351,
            -1.718847326571262,
            1.2127078813748484e-05
        ]
    ],
    "base_poses": [
        [
            [
                0.09502481127562523,
                -0.4048505128512687,
                0.0
            ],
            [
                0.0,
                0.0,
                -0.48885061044712735,
                0.8723675146780002
            ]
        ],
        [
            [
                0.19686719350584203,
                0.18988781761760332,
                0.0
            ],
            [
                0.0,
                0.0,
                0.9133989550648471,
                -0.40706553389650335
            ]
        ],
        [
            [
                -0.6176368842923253,
                -0.68605949858968,
                0.0
            ],
            [
                0.0,
                0.0,
                -0.02285062938793295,
                0.9997388902791445
            ]
        ]
    ],
    "difficulty": 0.7483319236913824
}