{
    "target_eff_poses": [
        [
            [
                0.29715242981910706,
                0.025457121431827545,
                0.6030905842781067
            ],
            [
                -0.3126692771911621,
                -0.4029217064380646,
                0.7593637108802795,
                -0.4040530323982239
            ]
        ]
    ],
    "start_goal_config": [
        null
    ],
    "start_config": [
        [
            -4.830774882890784,
            -1.2745658791485037,
            1.785062200073406,
            -1.5635578964357206,
            -2.164520347594439,
            2.2864631244669295e-05
        ]
    ],
    "goal_config": [
        [
            -4.448809200047833,
            -1.6518726199489981,
            1.2622904635240013,
            -1.6816084089808876,
            -1.9926789624175958,
            3.2431231100328044e-05
        ]
    ],
    "base_poses": [
        [
            [
                0.32171297555757783,
                0.49652845281037883,
                0.0
            ],
            [
                0.0,
                0.0,
                0.9764947539556154,
                0.21554116891480898
            ]
        ]
    ],
    "difficulty": 0.0,
    "dynamic_speed": null
}