{
    "target_eff_poses": [
        [
            [
                -0.10730964690446854,
                -0.2980665862560272,
                0.7160279154777527
            ],
            [
                -0.22918884456157684,
                -0.19141322374343872,
                0.9536274671554565,
                0.03778925538063049
            ]
        ],
        [
            [
                0.6444896459579468,
                0.7063985466957092,
                0.13369984924793243
            ],
            [
                -0.5755781531333923,
                0.7652862071990967,
                -0.08156941086053848,
                0.27639320492744446
            ]
        ]
    ],
    "start_goal_config": [
        null,
        null
    ],
    "start_config": [
        [
            -3.3264106464154444,
            -2.672372721548833,
            2.0201537612401492,
            -1.0147482052029022,
            -1.9790080865215391,
            1.7076696807343224e-05
        ],
        [
            -3.4933541617655397,
            -2.222765344720685,
            1.212820338034459,
            -1.5755729457620344,
            -1.9320429464105935,
            2.346332822426807e-05
        ]
    ],
    "goal_config": [
        [
            -3.216115705012789,
            -2.5111956493431706,
            1.3885122995069765,
            -1.412418936736787,
            -2.3062634518394898,
            3.395815027796372e-05
        ],
        [
            -4.866444733099807,
            -1.5845347430040295,
            2.3047282445616113,
            -1.3048253164171395,
            -2.5026023515982696,
            1.97175111084553e-05
        ]
    ],
    "base_poses": [
        [
            [
                -0.15254668183690234,
                -0.30522723272462465,
                0.0
            ],
            [
                -0.0,
                -0.0,
                0.3573162985840201,
                0.93398343816484
            ]
        ],
        [
            [
                0.38710641221337205,
                0.6050128131062338,
                0.0
            ],
            [
                0.0,
                0.0,
                -0.5050349856916027,
                0.8630988722200271
            ]
        ]
    ],
    "difficulty": 0.18978651368381455,
    "dynamic_speed": null,
    "ur5_count": 2,
    "id": "135051",
    "task_path": "/home/hqh2101/workspace-sharing-multiarm/src/data/8f14d7-hard-vlo-tasks/135051.json"
}