{
    "target_eff_poses": [
        [
            [
                0.37295717000961304,
                0.5647190809249878,
                0.21963882446289062
            ],
            [
                0.7535401582717896,
                0.5506097078323364,
                0.11393065750598907,
                0.3406258821487427
            ]
        ],
        [
            [
                -0.4854430854320526,
                0.05334678292274475,
                0.20643790066242218
            ],
            [
                0.8597310185432434,
                0.31127914786338806,
                -0.3543592393398285,
                -0.1959524303674698
            ]
        ],
        [
            [
                -1.0205014944076538,
                0.48126059770584106,
                0.19120192527770996
            ],
            [
                0.8345552682876587,
                0.3666180372238159,
                -0.2895524203777313,
                -0.29200708866119385
            ]
        ],
        [
            [
                0.6248266696929932,
                0.4574587345123291,
                0.24161528050899506
            ],
            [
                0.8812713623046875,
                -0.1889401525259018,
                -0.3643101155757904,
                -0.23439425230026245
            ]
        ]
    ],
    "start_goal_config": [
        null,
        null,
        null,
        null
    ],
    "start_config": [
        [
            -3.215135255782426,
            -2.3974179234111377,
            1.251015550920161,
            -1.5103312121432904,
            -2.002711385484506,
            2.8452070500625416e-05
        ],
        [
            -3.134700055417698,
            -2.4854876280858478,
            1.3088607951716242,
            -1.4575145722562672,
            -2.1946014848123307,
            2.7365475334133274e-05
        ],
        [
            -5.260092490710006,
            -1.038914353865175,
            1.4000713255524553,
            -1.682797405390307,
            -2.5690772408816747,
            3.12994978809866e-05
        ],
        [
            -4.618733622309124,
            -1.4348517203735418,
            2.393834749814426,
            -1.3522253185244593,
            -2.393111864817677,
            1.8855177161008826e-05
        ]
    ],
    "goal_config": [
        [
            -1.3268176605573754,
            -1.6976594809216599,
            2.2162829070007306,
            -1.2533735558721855,
            -0.3082607333268228,
            -1.644625213203591e-05
        ],
        [
            -4.9298736957521925,
            -1.6961075746875867,
            2.165484316318528,
            -1.3031792353824572,
            -2.4233046066025485,
            1.0068894160376413e-06
        ],
        [
            -5.309556284657312,
            -1.3380857970368103,
            1.914756471616812,
            -1.4242644544943164,
            -2.77433072991308,
            8.698928935207548e-06
        ],
        [
            -3.358014572880362,
            -2.3574847662433225,
            2.3410699029377153,
            -0.8796662407883808,
            -1.9313144027448423,
            -5.1050333095495176e-14
        ]
    ],
    "base_poses": [
        [
            [
                -0.023750135743948575,
                0.5604366066302058,
                0.0
            ],
            [
                -0.0,
                -0.0,
                0.34750771684066284,
                0.9376771228606303
            ]
        ],
        [
            [
                -0.17821200896147382,
                0.015887918206683893,
                0.0
            ],
            [
                -0.0,
                -0.0,
                0.7279105049616681,
                0.6856721496214129
            ]
        ],
        [
            [
                -0.5906405243144065,
                0.2986157814387047,
                0.0
            ],
            [
                -0.0,
                -0.0,
                0.7809175834851126,
                0.6246340751222046
            ]
        ],
        [
            [
                0.7327085800790116,
                0.4393974662323812,
                0.0
            ],
            [
                0.0,
                0.0,
                -0.279473650117514,
                0.9601533621718946
            ]
        ]
    ],
    "difficulty": 0.8102134863161855,
    "dynamic_speed": null
}