{
    "target_eff_poses": [
        [
            [
                0.4738290011882782,
                0.2601909339427948,
                0.5499503016471863
            ],
            [
                -0.4198342561721802,
                0.2911916971206665,
                0.4113793671131134,
                0.7547937631607056
            ]
        ],
        [
            [
                0.9848965406417847,
                0.4846402108669281,
                0.29954615235328674
            ],
            [
                -0.11856178939342499,
                0.6773532032966614,
                -0.4129112660884857,
                0.5971934795379639
            ]
        ],
        [
            [
                0.30810099840164185,
                -0.3235692083835602,
                0.23753927648067474
            ],
            [
                -0.0165968369692564,
                0.8715109825134277,
                -0.33618083596229553,
                0.3566170632839203
            ]
        ],
        [
            [
                -0.4679652750492096,
                -0.4640214741230011,
                0.5341697931289673
            ],
            [
                -0.5335159301757812,
                -0.2706837058067322,
                0.7686437368392944,
                -0.22644630074501038
            ]
        ]
    ],
    "start_goal_config": [
        null,
        null,
        null,
        null
    ],
    "start_config": [
        [
            -3.7389742682322082,
            -1.5277157002780766,
            1.892756227050831,
            -1.4449872595726925,
            -1.7554905401921217,
            1.3082183485642382e-06
        ],
        [
            -3.5074842968400053,
            -1.9057956653205201,
            1.3793775195442415,
            -1.5755089754209826,
            -1.7036742623930117,
            1.4577229740147965e-05
        ],
        [
            -3.7164556681969443,
            -2.5209520490223,
            1.9788771971143575,
            -1.1103484801872576,
            -2.100302322881883,
            3.127704458389679e-08
        ],
        [
            -4.201930301545047,
            -1.2133999879302684,
            1.4319691977481872,
            -1.7145489860226735,
            -1.838174906199287,
            2.614406287728658e-05
        ]
    ],
    "goal_config": [
        [
            -3.380119071050511,
            -2.592421885246466,
            1.7382496913212722,
            -1.2148801397426479,
            -2.036168804036295,
            -2.709308878895796e-06
        ],
        [
            -5.121639818538014,
            -1.0291351477418265,
            1.1994041852147221,
            -1.7953392255451388,
            -2.3490231133818362,
            3.37584101233326e-05
        ],
        [
            -4.988406063435046,
            -1.5736891532158017,
            1.9607935846381603,
            -1.411469233291021,
            -2.345726360831727,
            4.623046547778597e-05
        ],
        [
            -3.5303536319774738,
            -2.0715370734789107,
            1.6293517682142258,
            -1.4167644969306,
            -1.7538127209269048,
            -1.664573842173686e-06
        ]
    ],
    "base_poses": [
        [
            [
                0.5207247666133044,
                0.22113781703234858,
                0.0
            ],
            [
                0.0,
                0.0,
                -0.6592599974607347,
                0.7519150588650769
            ]
        ],
        [
            [
                0.3368714936431141,
                0.7634304403227274,
                0.0
            ],
            [
                0.0,
                0.0,
                -0.7149776507271688,
                0.6991473084841696
            ]
        ],
        [
            [
                0.003634765249728167,
                -0.07189523164048972,
                0.0
            ],
            [
                0.0,
                0.0,
                -0.8499045363892441,
                0.5269366935647808
            ]
        ],
        [
            [
                -0.3246644923434383,
                -0.211403367667379,
                0.0
            ],
            [
                -0.0,
                -0.0,
                0.5416410202892447,
                0.8406099006911744
            ]
        ]
    ],
    "difficulty": 0.9529765823380043,
    "dynamic_speed": null,
    "ur5_count": 4,
    "id": "135186",
    "task_path": "/home/huy/programming/projects/workspace-sharing-multiarm/src/data/8f14d7-hard-vlo-tasks/135186.json"
}