{
    "target_eff_poses": [
        [
            [
                -1.1174964904785156,
                0.2990608215332031,
                0.3284567892551422
            ],
            [
                0.6573075652122498,
                0.27858448028564453,
                -0.6554445028305054,
                0.2464343160390854
            ]
        ],
        [
            [
                -0.1734483540058136,
                0.32868003845214844,
                0.8044499158859253
            ],
            [
                -0.15335886180400848,
                0.060566361993551254,
                0.6628701686859131,
                0.7303532958030701
            ]
        ],
        [
            [
                -0.7508934736251831,
                -0.11395817995071411,
                0.26621213555336
            ],
            [
                0.7062816619873047,
                0.4387548863887787,
                -0.5317367315292358,
                0.16098594665527344
            ]
        ]
    ],
    "start_goal_config": [
        null,
        null,
        null
    ],
    "start_config": [
        [
            -3.070744333782982,
            -2.125103096142423,
            1.201251747461035,
            -1.606694512097564,
            -1.5700703237955511,
            -1.1368160718491432e-20
        ],
        [
            -4.482096752448815,
            -1.1901234573289496,
            1.1267000510870766,
            -1.844735868378895,
            -1.9256101598806734,
            2.8341818846238592e-05
        ],
        [
            -3.442645974994194,
            -2.4767406775768683,
            1.7537954646742429,
            -1.2417592652457035,
            -1.9227737149493962,
            -8.976060405199813e-13
        ]
    ],
    "goal_config": [
        [
            -3.3749509172537047,
            -1.3585031346711434,
            1.472110757254669,
            -1.6650760761829142,
            -1.6120428631531079,
            8.43086140010409e-06
        ],
        [
            -3.104998718432846,
            -2.3822904784687613,
            1.1410403326619898,
            -1.5690587200503987,
            -2.028463367922036,
            2.5402913889562384e-17
        ],
        [
            -3.9707962193279225,
            -1.6356149367488722,
            1.8797790429057202,
            -1.4222659622303488,
            -1.8326890642256135,
            -2.673828805862728e-08
        ]
    ],
    "base_poses": [
        [
            [
                -0.7750752338510831,
                0.7681116284845733,
                0.0
            ],
            [
                -0.0,
                -0.0,
                0.47673479026964233,
                0.8790471772018611
            ]
        ],
        [
            [
                -0.1392843075619028,
                0.38460133377587535,
                0.0
            ],
            [
                0.0,
                0.0,
                -0.5836856666725351,
                0.8119797057322543
            ]
        ],
        [
            [
                -0.5485293362382069,
                0.23069923841031859,
                0.0
            ],
            [
                -0.0,
                -0.0,
                0.7443296778836422,
                0.6678123468622253
            ]
        ]
    ],
    "difficulty": 0.7929705854712903,
    "dynamic_speed": null
}