{
    "target_eff_poses": [
        [
            [
                0.13560061156749725,
                0.8758211731910706,
                0.20528419315814972
            ],
            [
                -0.3078727424144745,
                0.7536751627922058,
                0.4404892921447754,
                0.37836140394210815
            ]
        ],
        [
            [
                -0.8256538510322571,
                0.19890230894088745,
                0.32932642102241516
            ],
            [
                -0.28734779357910156,
                0.7546186447143555,
                0.5803013443946838,
                0.10598227381706238
            ]
        ]
    ],
    "start_goal_config": [
        null,
        null
    ],
    "start_config": [
        [
            -3.420167431553459,
            -1.3964996714532145,
            1.5675539376314138,
            -1.6147224657293728,
            -1.6323298767422185,
            9.760945880191893e-06
        ],
        [
            -3.034134362769273,
            -1.6717953862993606,
            1.8237588371789288,
            -1.4337940390526838,
            -1.5678551044619427,
            8.66589378984074e-06
        ]
    ],
    "goal_config": [
        [
            -1.782994163480905,
            -1.2554394076911133,
            1.641485535460772,
            -1.6251603440011015,
            -1.097486498796594,
            -2.1734883922227858e-05
        ],
        [
            -1.9883066128704883,
            -2.7055774533453594,
            2.3032214804536926,
            -0.8595369244199764,
            -0.5444710730851855,
            2.7515384596103134e-05
        ]
    ],
    "base_poses": [
        [
            [
                0.12231098799525453,
                0.3036269293078375,
                0.0
            ],
            [
                0.0,
                0.0,
                0.9984965212695996,
                0.05481511664229151
            ]
        ],
        [
            [
                -0.6007206576546127,
                0.1944195891112781,
                0.0
            ],
            [
                0.0,
                0.0,
                0.9552306438576535,
                -0.29586215884308803
            ]
        ]
    ],
    "difficulty": 0.2259312029309994
}