{
    "target_eff_poses": [
        [
            [
                -0.07327728718519211,
                0.6980098485946655,
                0.4994764029979706
            ],
            [
                -0.17579026520252228,
                -0.412444531917572,
                0.8891119956970215,
                -0.0920170247554779
            ]
        ],
        [
            [
                0.9253250360488892,
                0.4765866994857788,
                0.4628180265426636
            ],
            [
                -0.08886915445327759,
                0.7104470729827881,
                -0.46744614839553833,
                0.5185183882713318
            ]
        ],
        [
            [
                -0.580321192741394,
                -0.27924811840057373,
                0.4654137194156647
            ],
            [
                0.1858934760093689,
                0.5961765050888062,
                -0.5912873148918152,
                0.5102905631065369
            ]
        ]
    ],
    "start_goal_config": [
        null,
        null,
        null
    ],
    "start_config": [
        [
            -4.746362587577776,
            -2.0461036034754243,
            1.9069520727328033,
            -1.2992369124020426,
            -2.3372103720952917,
            2.0578777536693496e-05
        ],
        [
            -2.666307819508063,
            -2.201327083505901,
            2.2009183340183807,
            -1.0701203057847641,
            -1.5233285982753855,
            -2.501335346345446e-07
        ],
        [
            -1.8213809801838212,
            -2.3114489928941837,
            2.3675239002283943,
            -0.9608364722257844,
            -0.7328691198619618,
            -1.2535484256962422e-05
        ]
    ],
    "goal_config": [
        [
            -3.034941241190234,
            -3.0502355057649466,
            1.8512182893486826,
            -1.0127322723379037,
            -2.6355742297061013,
            2.0909103438503435e-05
        ],
        [
            -4.749727797601674,
            -2.1005476021872593,
            1.857803944619178,
            -1.3027636639568636,
            -2.4288836595939096,
            2.6904813472869827e-05
        ],
        [
            -3.578631342233954,
            -2.609301137296891,
            1.926773784390618,
            -1.110110545918562,
            -2.1273373386555496,
            1.4553670275072661e-05
        ]
    ],
    "base_poses": [
        [
            [
                -0.11829225055745929,
                0.5369280416263666,
                0.0
            ],
            [
                -0.0,
                -0.0,
                0.5498560110707237,
                0.8352594609397682
            ]
        ],
        [
            [
                0.7071826218026767,
                0.6156258996798092,
                0.0
            ],
            [
                0.0,
                0.0,
                0.8778341172659921,
                -0.4789647821748863
            ]
        ],
        [
            [
                -0.6392777323930077,
                -0.2451137695091753,
                0.0
            ],
            [
                0.0,
                0.0,
                0.9351906745545417,
                0.35414460637742495
            ]
        ]
    ],
    "difficulty": 0.5845951283739302,
    "dynamic_speed": null
}