{
    "target_eff_poses": [
        [
            [
                0.19717584550380707,
                0.5564414858818054,
                0.3537755012512207
            ],
            [
                0.2577155828475952,
                0.6187933087348938,
                -0.0639151781797409,
                0.73931884765625
            ]
        ],
        [
            [
                0.18446126580238342,
                0.10843095928430557,
                0.1511564403772354
            ],
            [
                -0.5601505637168884,
                0.5863615870475769,
                0.2015581727027893,
                0.549350380897522
            ]
        ],
        [
            [
                0.7229214906692505,
                0.242704838514328,
                0.3331167995929718
            ],
            [
                0.17121350765228271,
                0.795690655708313,
                -0.4498823285102844,
                0.3676522672176361
            ]
        ],
        [
            [
                -0.08669976145029068,
                -0.9772654175758362,
                0.14004558324813843
            ],
            [
                0.49614354968070984,
                0.6689764857292175,
                -0.2655569314956665,
                0.48558372259140015
            ]
        ]
    ],
    "start_goal_config": [
        null,
        null,
        null,
        null
    ],
    "start_config": [
        [
            -2.922233121300184,
            -2.763165942523236,
            1.6517953521422803,
            -1.1958523840591275,
            -1.6237444229409193,
            -1.7626673738839264e-09
        ],
        [
            -1.8375078398350233,
            -1.2025967882262423,
            1.490535554901122,
            -1.6932184174972504,
            -1.1260473759204677,
            -2.3256125185596653e-05
        ],
        [
            -3.285424256560585,
            -2.3642704637965917,
            1.2355964829178219,
            -1.5266905345630322,
            -2.055334567729269,
            3.393029668088561e-05
        ],
        [
            -3.181516982700539,
            -2.500889478932486,
            1.4066453395420973,
            -1.405275122843752,
            -1.964099029501807,
            -1.102931596348981e-05
        ]
    ],
    "goal_config": [
        [
            -2.5359609147738413,
            -2.967860681464591,
            2.0779378376065796,
            -0.7823985904098884,
            -1.262399465045134,
            -1.2530620135484138e-05
        ],
        [
            -4.562045154727498,
            -1.0868947221282586,
            1.5387473295819465,
            -1.7019977608562646,
            -1.9816784803022423,
            1.8650603398397707e-05
        ],
        [
            -4.159593331872144,
            -2.3567146722173575,
            2.1761799971775853,
            -1.0593705929481605,
            -2.244491322669505,
            1.7134721350964373e-05
        ],
        [
            -2.712663276905373,
            -1.1466348273208162,
            1.6264570466626156,
            -1.6528353382920005,
            -1.4331080050823988,
            3.549771435548612e-06
        ]
    ],
    "base_poses": [
        [
            [
                0.1860412726519689,
                0.3946315203714341,
                0.0
            ],
            [
                -0.0,
                -0.0,
                0.8560297438481279,
                0.5169265689121703
            ]
        ],
        [
            [
                -0.0299723222760766,
                -0.4579141530130441,
                0.0
            ],
            [
                0.0,
                0.0,
                -0.29882811321305774,
                0.9543069520618216
            ]
        ],
        [
            [
                0.6333741456510618,
                0.3560561816693961,
                0.0
            ],
            [
                0.0,
                0.0,
                0.9992086087647797,
                0.039776326757927936
            ]
        ],
        [
            [
                -0.4366945565489509,
                -0.5217375109760876,
                0.0
            ],
            [
                -0.0,
                -0.0,
                0.7082696101337673,
                0.705942036828068
            ]
        ]
    ],
    "difficulty": 0.8080789102865195,
    "dynamic_speed": null
}