{
    "target_eff_poses": [
        [
            [
                -0.04198141023516655,
                0.37938493490219116,
                0.587993860244751
            ],
            [
                -0.4166206121444702,
                0.2722794711589813,
                0.7860523462295532,
                0.3666236996650696
            ]
        ]
    ],
    "start_goal_config": [
        null
    ],
    "start_config": [
        [
            -3.635713293927661,
            -2.0341266237267313,
            1.613811703703117,
            -1.4339566853196464,
            -1.7791193156967244,
            2.2169425549532533e-05
        ]
    ],
    "goal_config": [
        [
            -2.7270228437314357,
            -2.394045603945184,
            1.6233888960556073,
            -1.3290355927836945,
            -1.4283474537050846,
            -8.003496555616867e-06
        ]
    ],
    "base_poses": [
        [
            [
                0.12781896114716107,
                0.3477904246003507,
                0.0
            ],
            [
                0.0,
                0.0,
                -0.6555638620766422,
                0.7551397372269302
            ]
        ]
    ],
    "difficulty": 0.0,
    "dynamic_speed": null,
    "ur5_count": 1,
    "id": "135114",
    "task_path": "/home/hqh2101/workspace-sharing-multiarm/src/data/8f14d7-hard-vlo-tasks/135114.json"
}