{
    "target_eff_poses": [
        [
            [
                -0.3303814232349396,
                0.3138095736503601,
                0.4486059248447418
            ],
            [
                -0.0045901029370725155,
                0.6075226664543152,
                -0.31381064653396606,
                0.7296698093414307
            ]
        ],
        [
            [
                -0.679357647895813,
                -0.4134816825389862,
                0.5039960145950317
            ],
            [
                -0.5155124068260193,
                0.32533329725265503,
                0.7886410355567932,
                -0.0803162157535553
            ]
        ],
        [
            [
                0.5001398324966431,
                -0.13625387847423553,
                0.43097296357154846
            ],
            [
                -0.5983759760856628,
                -0.0016036725137382746,
                0.7280759811401367,
                0.3344383239746094
            ]
        ],
        [
            [
                0.30437642335891724,
                0.5537137389183044,
                0.4698217213153839
            ],
            [
                -0.1069730892777443,
                0.6213553547859192,
                -0.2721865177154541,
                0.7269035577774048
            ]
        ]
    ],
    "start_goal_config": [
        null,
        null,
        null,
        null
    ],
    "start_config": [
        [
            -2.951555123241209,
            -2.1367879050140575,
            1.2907580585941307,
            -1.5595646793053113,
            -1.5161353981612893,
            2.984042312062718e-07
        ],
        [
            -2.031518382262833,
            -1.8665430044092155,
            1.3541689934793768,
            -1.5883221563806802,
            -1.1136987044713544,
            -2.538869175165883e-17
        ],
        [
            -2.374023003478333,
            -1.039114771435383,
            1.1860853958179955,
            -1.8582893369676057,
            -1.3061199358357884,
            -9.430409291847985e-06
        ],
        [
            -4.685117886783976,
            -1.279306449326302,
            1.8451935755307511,
            -1.5435319778777854,
            -2.0877538543870506,
            -8.065517432806348e-10
        ]
    ],
    "goal_config": [
        [
            -3.25133550547994,
            -2.7247835434602927,
            1.938923637571325,
            -1.0498115888336577,
            -1.98451142329453,
            3.669760688300375e-06
        ],
        [
            -1.5456218592531916,
            -1.504617318304048,
            1.337176438499437,
            -1.6630573645252866,
            -0.9063345703402145,
            -2.898577261916739e-05
        ],
        [
            -3.143808580051702,
            -2.838675679540965,
            1.9627651645258495,
            -0.9827239310649376,
            -2.00407890784933,
            1.6639919376886356e-05
        ],
        [
            -3.6442624586527566,
            -2.5478912699777494,
            1.9106882106352263,
            -1.1399936385522993,
            -2.0995747596120213,
            2.0137495386810336e-05
        ]
    ],
    "base_poses": [
        [
            [
                -0.36271992765721406,
                0.2657014367193775,
                0.0
            ],
            [
                0.0,
                0.0,
                0.9895882967914345,
                0.14392707477548433
            ]
        ],
        [
            [
                -0.11815190094127259,
                -0.4811461763267099,
                0.0
            ],
            [
                0.0,
                0.0,
                -0.8566463877665672,
                0.5159040282130894
            ]
        ],
        [
            [
                0.4952679500362096,
                -0.07405507176657411,
                0.0
            ],
            [
                0.0,
                0.0,
                -0.21123997143929862,
                0.9774342302509792
            ]
        ],
        [
            [
                0.21897765859812668,
                0.5255936724229837,
                0.0
            ],
            [
                0.0,
                0.0,
                0.9876309929126664,
                -0.15679611550781677
            ]
        ]
    ],
    "difficulty": 0.6946299257030001,
    "dynamic_speed": null
}