{
    "target_eff_poses": [
        [
            [
                -0.7059729695320129,
                0.6290655136108398,
                0.6042540073394775
            ],
            [
                -0.44887450337409973,
                0.12469325214624405,
                0.6517967581748962,
                0.5984348058700562
            ]
        ],
        [
            [
                0.20060798525810242,
                -0.5900397896766663,
                0.761652946472168
            ],
            [
                -0.30831485986709595,
                0.015665341168642044,
                0.9063999652862549,
                0.28833264112472534
            ]
        ]
    ],
    "start_goal_config": [
        null,
        null
    ],
    "start_config": [
        [
            -2.903224239379374,
            -0.8118331172460583,
            1.1253353427503523,
            -1.9356078070200216,
            -1.4396236839762189,
            -6.674986176279795e-06
        ],
        [
            -1.599414267206139,
            -1.4888039738461738,
            1.913528292689503,
            -1.4690285466115087,
            -0.9389342990401287,
            -2.078695558574608e-05
        ]
    ],
    "goal_config": [
        [
            -3.4733802450611475,
            -2.4898033371031265,
            1.6222324263522303,
            -1.3047688811772502,
            -2.0425958059561844,
            2.696102045592379e-05
        ],
        [
            -3.507350195777263,
            -2.1436861417446256,
            1.2215800243331907,
            -1.5918025545372907,
            -1.8280396337572953,
            1.8132379821055855e-05
        ]
    ],
    "base_poses": [
        [
            [
                -0.6320949479338579,
                0.6051602786985564,
                0.0
            ],
            [
                0.0,
                0.0,
                -0.33437545806924474,
                0.9424399466496434
            ]
        ],
        [
            [
                0.3808231349455522,
                -0.576362684150097,
                0.0
            ],
            [
                -0.0,
                -0.0,
                0.003517951415450273,
                0.9999938119897736
            ]
        ]
    ],
    "difficulty": 0.006106248727864848
}