{
    "target_eff_poses": [
        [
            [
                0.43280816078186035,
                -0.7854315638542175,
                0.6057765483856201
            ],
            [
                0.23587319254875183,
                0.44387948513031006,
                -0.45074546337127686,
                0.7376742959022522
            ]
        ],
        [
            [
                0.49172255396842957,
                0.6305620074272156,
                0.6863142848014832
            ],
            [
                -0.1421774923801422,
                0.128805011510849,
                -0.07351946085691452,
                0.9786673188209534
            ]
        ]
    ],
    "start_goal_config": [
        null,
        null
    ],
    "start_config": [
        [
            -1.8383405677960718,
            -1.6086385904151572,
            1.3491136471958547,
            -1.6493488819377935,
            -1.0908389032992059,
            -2.1227113285041055e-05
        ],
        [
            -1.5982853067126812,
            -1.3455510889983988,
            1.9560084138688107,
            -1.5058836044191775,
            -0.9115582520414212,
            -1.9623052935519837e-05
        ]
    ],
    "goal_config": [
        [
            -3.111782440304755,
            -2.224684846409859,
            1.5492763193920878,
            -1.4128405145697605,
            -1.6308526730122188,
            8.782595159449672e-06
        ],
        [
            -2.635191168568134,
            -2.774523575215762,
            1.3674249487474746,
            -1.3483760778851743,
            -2.4805412268952236,
            3.855350875858714e-05
        ]
    ],
    "base_poses": [
        [
            [
                0.24681108887540337,
                -0.669945115292045,
                0.0
            ],
            [
                -0.0,
                -0.0,
                0.8610990130172297,
                0.5084373017204313
            ]
        ],
        [
            [
                0.6580266624993338,
                0.7795448245118946,
                0.0
            ],
            [
                0.0,
                0.0,
                0.9919851874375138,
                -0.12635421601418956
            ]
        ]
    ],
    "difficulty": 0.01851329762240391,
    "dynamic_speed": null
}