{
    "target_eff_poses": [
        [
            [
                1.1579487323760986,
                0.12254597991704941,
                0.23794831335544586
            ],
            [
                0.33544355630874634,
                0.7432494163513184,
                0.03734125569462776,
                0.5776362419128418
            ]
        ]
    ],
    "start_goal_config": [
        null
    ],
    "start_config": [
        [
            -2.3912029479318893,
            -2.019918059161955,
            1.631449458767063,
            -1.428690221767261,
            -1.3379411536899863,
            -9.935697545575015e-06
        ]
    ],
    "goal_config": [
        [
            -1.7539354065377744,
            -1.3755963948942194,
            1.7094812598074682,
            -1.5684886962763895,
            -1.0822973557630216,
            -2.345736419719297e-05
        ]
    ],
    "base_poses": [
        [
            [
                0.625831884101304,
                0.14070853460636035,
                0.0
            ],
            [
                -0.0,
                -0.0,
                0.6421186366626489,
                0.7666052807348128
            ]
        ]
    ],
    "difficulty": 0.0
}