{
    "target_eff_poses": [
        [
            [
                -0.897081196308136,
                -0.9197226762771606,
                0.3542126417160034
            ],
            [
                0.7537652850151062,
                0.1841583400964737,
                -0.6067467927932739,
                0.1725744754076004
            ]
        ],
        [
            [
                0.19619295001029968,
                0.35320761799812317,
                0.6440037488937378
            ],
            [
                -0.18712449073791504,
                -0.4223666191101074,
                0.7735204100608826,
                -0.4338858723640442
            ]
        ],
        [
            [
                -0.8182904124259949,
                0.26491060853004456,
                0.33922260999679565
            ],
            [
                0.25721001625061035,
                0.8272848725318909,
                -0.49931907653808594,
                -0.011098370887339115
            ]
        ]
    ],
    "start_goal_config": [
        null,
        null,
        null
    ],
    "start_config": [
        [
            -5.368749101165493,
            -1.592923512278154,
            1.9724635988189754,
            -1.271484159772555,
            -3.002314069925198,
            2.7299510854556486e-05
        ],
        [
            -3.3286950867671687,
            -2.6754093643920247,
            2.053063165314835,
            -0.9883963701047084,
            -1.9834353388826822,
            1.15776732785833e-05
        ],
        [
            -5.257049448467532,
            -1.524667716288851,
            1.5539458897043366,
            -1.5026110010050016,
            -2.6632450925457736,
            3.0249990182831407e-05
        ]
    ],
    "goal_config": [
        [
            -2.829694528888331,
            -1.9283371890885954,
            1.8941017655083914,
            -1.3309617486749918,
            -1.5333112352769787,
            4.459299775740185e-06
        ],
        [
            -3.8756098835844757,
            -2.338104894945681,
            1.5432678755241431,
            -1.386323562058949,
            -2.213369147296313,
            3.081959670454418e-05
        ],
        [
            -5.257357373594788,
            -1.7531968331703303,
            1.9832614482990367,
            -1.2759472647621224,
            -2.8623771087332166,
            2.8234124936323796e-05
        ]
    ],
    "base_poses": [
        [
            [
                -0.68439438417122,
                -0.6677216291582808,
                0.0
            ],
            [
                -0.0,
                -0.0,
                0.10224015228839303,
                0.9947597454963918
            ]
        ],
        [
            [
                0.15409169772797748,
                0.4666591786510026,
                0.0
            ],
            [
                0.0,
                0.0,
                0.9318551091327184,
                0.362830615553938
            ]
        ],
        [
            [
                -0.6860150639793896,
                0.6095104396453184,
                0.0
            ],
            [
                0.0,
                0.0,
                0.9938834535268326,
                -0.11043405636657784
            ]
        ]
    ],
    "difficulty": 0.3815789473684211,
    "dynamic_speed": null
}