{
    "target_eff_poses": [
        [
            [
                -0.3562970757484436,
                0.5256834626197815,
                0.6940615177154541
            ],
            [
                0.15697665512561798,
                0.31968215107917786,
                -0.49690505862236023,
                0.791357696056366
            ]
        ],
        [
            [
                0.06566958129405975,
                0.4445037245750427,
                0.10034390538930893
            ],
            [
                -0.016961611807346344,
                0.9587368369102478,
                0.24579927325248718,
                0.14184026420116425
            ]
        ],
        [
            [
                -0.23955564200878143,
                -0.46758925914764404,
                0.2930390536785126
            ],
            [
                0.10390092432498932,
                0.7958851456642151,
                -0.3252224028110504,
                0.5000022053718567
            ]
        ]
    ],
    "start_goal_config": [
        null,
        null,
        null
    ],
    "start_config": [
        [
            -3.5390135585155296,
            -2.8905477253617615,
            2.053447575594459,
            -0.9586206594432591,
            -2.608976383385947,
            1.4928011290748166e-05
        ],
        [
            -4.551644676841755,
            -0.9873224838132557,
            1.4274163746251343,
            -1.7681493933962875,
            -1.965414450410497,
            3.0893665983369706e-05
        ],
        [
            -1.7133227450303639,
            -1.3566708370957015,
            1.147871847170353,
            -1.788347699252313,
            -1.0329593072321857,
            -2.6892233078431253e-05
        ]
    ],
    "goal_config": [
        [
            -3.1121556715758736,
            -2.3664517746316194,
            1.399440712016038,
            -1.446303904271094,
            -1.675044709168587,
            8.779123368222058e-06
        ],
        [
            -1.5418769325889603,
            -1.4352572816053484,
            2.2828714970941206,
            -1.4230853170303273,
            -0.5410819259463301,
            -1.6655760268107434e-05
        ],
        [
            -4.5312940048663375,
            -1.5652001094168038,
            1.7746531173344935,
            -1.4876200461720945,
            -2.017659612065943,
            3.271717835296308e-05
        ]
    ],
    "base_poses": [
        [
            [
                -0.47896767310597377,
                0.5422711257913946,
                0.0
            ],
            [
                0.0,
                0.0,
                0.8661821723954369,
                0.49972837044170454
            ]
        ],
        [
            [
                0.10733199293608175,
                0.06439860945084919,
                0.0
            ],
            [
                0.0,
                0.0,
                0.9644843662153026,
                0.26413993890789395
            ]
        ],
        [
            [
                -0.610810409536442,
                -0.22039744520285842,
                0.0
            ],
            [
                0.0,
                0.0,
                0.9422143817782392,
                -0.33501053531232494
            ]
        ]
    ],
    "difficulty": 0.5355026803348067
}