{
    "target_eff_poses": [
        [
            [
                0.729401707649231,
                -0.5464826226234436,
                0.6316589713096619
            ],
            [
                -0.003785846522077918,
                0.47515517473220825,
                -0.46231579780578613,
                0.7486503720283508
            ]
        ],
        [
            [
                0.3360106945037842,
                -0.8713769316673279,
                0.41444024443626404
            ],
            [
                0.05938102677464485,
                0.7684440016746521,
                -0.5558838844299316,
                0.31138527393341064
            ]
        ],
        [
            [
                -0.5555452704429626,
                0.8327892422676086,
                0.5081161260604858
            ],
            [
                -0.3641967475414276,
                0.47816863656044006,
                0.5156499147415161,
                0.610590398311615
            ]
        ]
    ],
    "start_goal_config": [
        null,
        null,
        null
    ],
    "start_config": [
        [
            -2.0847437430126394,
            -1.283651088390911,
            1.8024413758494955,
            -1.5586006233354144,
            -1.2345994187959903,
            -3.750754765162224e-06
        ],
        [
            -2.7653705959566697,
            -3.122865840439588,
            1.1497884878130182,
            -1.2902044576754041,
            -1.9107057787634638,
            -2.4123057231790487e-05
        ],
        [
            -3.283948664672506,
            -2.4919314997575444,
            1.6131170676661877,
            -1.30676106932077,
            -1.8703504283210999,
            2.183542380087481e-05
        ]
    ],
    "goal_config": [
        [
            -4.723859129822029,
            -1.5659134164823516,
            1.1523613326722748,
            -1.7377061909235827,
            -2.131994209780088,
            3.491754062297416e-05
        ],
        [
            -4.7222743775345855,
            -2.188605453595151,
            2.0158190163065592,
            -1.2088183050395485,
            -2.5538595315576393,
            3.990803324127566e-07
        ],
        [
            -2.7946453105265836,
            -2.3540678839418527,
            1.7700530780510706,
            -1.2678993633835947,
            -1.5204124335589708,
            -1.7906707817409614e-06
        ]
    ],
    "base_poses": [
        [
            [
                0.2805141135819418,
                -0.3209581399904853,
                0.0
            ],
            [
                0.0,
                0.0,
                0.8685492368146602,
                -0.4956028886403623
            ]
        ],
        [
            [
                0.2428809716568785,
                -0.6724640811274374,
                0.0
            ],
            [
                0.0,
                0.0,
                0.9755276318432102,
                -0.21987687352329285
            ]
        ],
        [
            [
                -0.47606319340033443,
                0.6570613484898515,
                0.0
            ],
            [
                0.0,
                0.0,
                0.8763176185544866,
                -0.48173377648966365
            ]
        ]
    ],
    "difficulty": 0.7830374753451677,
    "dynamic_speed": null,
    "ur5_count": 3,
    "id": "135149",
    "task_path": "/home/huy/programming/projects/workspace-sharing-multiarm/src/data/8f14d7-hard-vlo-tasks/135149.json"
}