{
    "target_eff_poses": [
        [
            [
                0.5239405632019043,
                -0.6357591152191162,
                0.21236032247543335
            ],
            [
                0.7738768458366394,
                0.30442556738853455,
                -0.029975080862641335,
                0.5545640587806702
            ]
        ],
        [
            [
                -0.8942922353744507,
                -0.8522236347198486,
                0.42986777424812317
            ],
            [
                0.6964996457099915,
                -0.1852564662694931,
                -0.6678709387779236,
                0.18578699231147766
            ]
        ]
    ],
    "start_goal_config": [
        null,
        null
    ],
    "start_config": [
        [
            -3.161098158405156,
            -2.923921477640401,
            1.0043029422563383,
            -1.4664784399622457,
            -1.3030998702220264,
            1.492455640428227e-05
        ],
        [
            -2.724302047919175,
            -2.936503979097384,
            1.2978592235250186,
            -1.3109096616410758,
            -1.9487307296857401,
            2.4280959737530284e-05
        ]
    ],
    "goal_config": [
        [
            -1.1039241005707707,
            -1.0938846468698582,
            1.5370329809186545,
            -1.6208072019805544,
            -0.4287767822835521,
            3.859727779767061e-05
        ],
        [
            -1.9045689500002223,
            -2.0990370338897955,
            1.8693267778540186,
            -1.3022033355818359,
            -1.0395155556747808,
            -1.7580405014876273e-05
        ]
    ],
    "base_poses": [
        [
            [
                0.11386166827320054,
                -0.12271852646555392,
                0.0
            ],
            [
                0.0,
                0.0,
                -0.07297007958200323,
                0.9973341303123021
            ]
        ],
        [
            [
                -0.6383315498932728,
                -0.674296636590381,
                0.0
            ],
            [
                0.0,
                0.0,
                -0.5751943744614593,
                0.8180167673024134
            ]
        ]
    ],
    "difficulty": 0.2619204363773159,
    "dynamic_speed": null
}