{
    "target_eff_poses": [
        [
            [
                -0.2516857087612152,
                -0.2630467116832733,
                0.10476050525903702
            ],
            [
                0.5685756802558899,
                0.7678845524787903,
                -0.27279776334762573,
                0.11250066012144089
            ]
        ],
        [
            [
                -0.38127490878105164,
                -0.580548882484436,
                0.7922486662864685
            ],
            [
                -0.2038319855928421,
                0.0668429434299469,
                0.6970166563987732,
                0.6842164993286133
            ]
        ],
        [
            [
                0.2920388877391815,
                -0.6405776143074036,
                0.5080940127372742
            ],
            [
                0.4631384313106537,
                0.34373244643211365,
                -0.5271845459938049,
                0.6240410804748535
            ]
        ],
        [
            [
                -0.33911970257759094,
                0.18340705335140228,
                0.3781316578388214
            ],
            [
                -0.5544816255569458,
                -0.5083696246147156,
                0.5617852807044983,
                -0.3442497253417969
            ]
        ]
    ],
    "start_goal_config": [
        null,
        null,
        null,
        null
    ],
    "start_config": [
        [
            -2.7205577598359296,
            -0.9010656682711264,
            1.3312477789615458,
            -1.8293771927484372,
            -1.4061963387549932,
            -9.350745487539735e-06
        ],
        [
            -2.054866165853546,
            -1.6020116390826615,
            1.4318132236766155,
            -1.6206866910009579,
            -1.2141664367828595,
            -1.5766937061882636e-05
        ],
        [
            -3.878720063169991,
            -1.8081013026316304,
            1.152910010359088,
            -1.7048239008797967,
            -1.816495725635288,
            -3.0379257701134815e-06
        ],
        [
            -3.6420917221573545,
            -1.6043373032734165,
            1.5005286505268884,
            -1.5936273444677889,
            -1.7046275512640376,
            -3.6597095444786145e-06
        ]
    ],
    "goal_config": [
        [
            -4.446155814945951,
            -1.4889132442333453,
            2.2376839100189074,
            -1.3478648610880402,
            -2.113102862198085,
            -1.1423677895043123e-05
        ],
        [
            -3.2827037223339235,
            -2.3294122849799805,
            1.1825914888517497,
            -1.5623911446686038,
            -2.030030253044451,
            -8.433532471810237e-06
        ],
        [
            -2.574174072087344,
            -2.5071628547925213,
            1.8007842854570348,
            -1.2057005341939022,
            -1.3399339447286025,
            -1.9331305737082954e-05
        ],
        [
            -3.651095488076459,
            -1.8782872353448625,
            1.8199466983393366,
            -1.3802933798665578,
            -1.763074868955747,
            -5.9795336164778046e-06
        ]
    ],
    "base_poses": [
        [
            [
                -0.22336741872362553,
                0.02216451308662548,
                0.0
            ],
            [
                0.0,
                0.0,
                0.9673521743575187,
                0.2534359302975422
            ]
        ],
        [
            [
                -0.32886534070673135,
                -0.5697070638678566,
                0.0
            ],
            [
                0.0,
                0.0,
                -0.458191536087002,
                0.888853484134609
            ]
        ],
        [
            [
                0.15893623904422294,
                -0.5443666065650932,
                0.0
            ],
            [
                -0.0,
                -0.0,
                0.4530527947919846,
                0.8914836875294869
            ]
        ],
        [
            [
                -0.3265447205748611,
                0.5334370169137486,
                0.0
            ],
            [
                -0.0,
                -0.0,
                0.7837306093445967,
                0.6211009032164959
            ]
        ]
    ],
    "difficulty": 0.945640929182733,
    "dynamic_speed": null,
    "ur5_count": 4,
    "id": "135133",
    "task_path": "/home/hqh2101/workspace-sharing-multiarm/src/data/8f14d7-hard-vlo-tasks/135133.json"
}