{
    "target_eff_poses": [
        [
            [
                0.22985325753688812,
                0.06985463947057724,
                0.3703138530254364
            ],
            [
                -0.6474323272705078,
                0.38987401127815247,
                0.4009935259819031,
                0.5177198052406311
            ]
        ]
    ],
    "start_goal_config": [
        null
    ],
    "start_config": [
        [
            -3.0075199290562207,
            -2.5524943672405995,
            1.512654889687434,
            -1.336683928317418,
            -1.6586853209969856,
            5.889905311129391e-06
        ]
    ],
    "goal_config": [
        [
            -4.267696298532947,
            -1.7674289554005294,
            1.7730419485432867,
            -1.4335696062570225,
            -1.940542334326152,
            3.4849086434456765e-05
        ]
    ],
    "base_poses": [
        [
            [
                0.33662729556526605,
                -0.30589154829031834,
                0.0
            ],
            [
                0.0,
                0.0,
                -0.1630998612088744,
                0.9866095657724214
            ]
        ]
    ],
    "difficulty": 0.0,
    "dynamic_speed": null
}