{
    "target_eff_poses": [
        [
            [
                -0.25261715054512024,
                0.46650442481040955,
                0.1750083863735199
            ],
            [
                0.883883535861969,
                -0.3641619384288788,
                -0.0387091264128685,
                -0.2909252941608429
            ]
        ],
        [
            [
                0.5035272240638733,
                -0.2626277506351471,
                0.47491973638534546
            ],
            [
                -0.07511952519416809,
                0.6157765984535217,
                -0.22663514316082,
                0.7508746385574341
            ]
        ],
        [
            [
                0.03460767865180969,
                0.5495049953460693,
                0.3819281756877899
            ],
            [
                -0.5325489640235901,
                0.3057446777820587,
                0.7851427793502808,
                0.08038986474275589
            ]
        ]
    ],
    "start_goal_config": [
        null,
        null,
        null
    ],
    "start_config": [
        [
            -3.269045526417303,
            -2.692080216783124,
            1.9335483042382091,
            -1.0657755760340792,
            -1.9654512058425024,
            1.741898262967977e-05
        ],
        [
            -2.0340180570804933,
            -2.484142794779437,
            1.9874676637562185,
            -1.1324648862526825,
            -0.6572545377217165,
            -1.7624007182087098e-05
        ],
        [
            -2.9506994718515416,
            -2.8178127245765587,
            1.6447596384863374,
            -1.182549116689562,
            -1.9265840008245647,
            3.0175692832228442e-05
        ]
    ],
    "goal_config": [
        [
            -4.7794703011210435,
            -1.8277776939053447,
            2.3939587154136053,
            -1.1619169721215594,
            -2.618493043559124,
            1.5429509778224385e-05
        ],
        [
            -4.510678320331534,
            -1.5180854319747237,
            1.3765310468791119,
            -1.6616660920780126,
            -1.9853290091596631,
            3.584309842712471e-05
        ],
        [
            -1.9241744187218066,
            -1.158914582886176,
            1.1712810849493651,
            -1.8315220924950495,
            -1.1516554878511345,
            -2.1823081533979073e-05
        ]
    ],
    "base_poses": [
        [
            [
                -0.31281783729891477,
                0.2524037982317209,
                0.0
            ],
            [
                0.0,
                0.0,
                -0.09557233597625674,
                0.9954224874876203
            ]
        ],
        [
            [
                -0.028610180064272628,
                -0.22798524936561582,
                0.0
            ],
            [
                0.0,
                0.0,
                -0.8260752726370159,
                0.5635597962396537
            ]
        ],
        [
            [
                0.6840318611421392,
                0.28228514512129954,
                0.0
            ],
            [
                0.0,
                0.0,
                -0.7957957974798676,
                0.6055650656315812
            ]
        ]
    ],
    "difficulty": 0.6532644434006576,
    "dynamic_speed": null,
    "ur5_count": 3,
    "id": "135107",
    "task_path": "/home/hqh2101/workspace-sharing-multiarm/src/data/8f14d7-hard-vlo-tasks/135107.json"
}