{
    "target_eff_poses": [
        [
            [
                0.6732786893844604,
                -0.7874001264572144,
                0.5607976317405701
            ],
            [
                0.02597137726843357,
                0.004929618444293737,
                0.9972683191299438,
                0.06897240877151489
            ]
        ],
        [
            [
                -0.0066223605535924435,
                -0.536828339099884,
                0.3533446490764618
            ],
            [
                0.6900930404663086,
                0.37620365619659424,
                -0.6174529790878296,
                0.03153296560049057
            ]
        ],
        [
            [
                0.052126865833997726,
                -0.1824541985988617,
                0.4806746244430542
            ],
            [
                -0.4568536877632141,
                0.4398011565208435,
                0.049752216786146164,
                0.7716115117073059
            ]
        ],
        [
            [
                -0.9105584025382996,
                0.18505604565143585,
                0.539172351360321
            ],
            [
                -0.5470392107963562,
                -0.3385724127292633,
                0.6803102493286133,
                0.3511335551738739
            ]
        ]
    ],
    "start_goal_config": [
        null,
        null,
        null,
        null
    ],
    "start_config": [
        [
            -1.5877510170851121,
            -1.6152820474770462,
            1.305663081122197,
            -1.6481346485963475,
            -0.8785522041658792,
            -2.8299277832312103e-05
        ],
        [
            -4.097853152810395,
            -2.1040223096470827,
            1.2833017015227712,
            -1.5674419920137543,
            -2.1510714854747452,
            3.5433692807646116e-05
        ],
        [
            -3.021858553236976,
            -2.94859879448761,
            1.552856194615099,
            -1.17820174459757,
            -1.0704089531667476,
            -7.655463370351549e-08
        ],
        [
            -1.4781521313349688,
            -1.4077542980762936,
            1.6715970186243292,
            -1.565781614556094,
            -0.8845466056987691,
            -2.027314152898832e-05
        ]
    ],
    "goal_config": [
        [
            -2.8117446974050875,
            -3.132824571105,
            1.1994559219833627,
            -1.2610944721350574,
            -1.827097667256858,
            1.817194911045672e-05
        ],
        [
            -4.33599589136624,
            -1.9157405393871099,
            1.9147657108130063,
            -1.33207303140799,
            -2.0188825158822903,
            8.723874112185029e-08
        ],
        [
            -5.0167470879712335,
            -1.4625620418081144,
            1.3485558687942125,
            -1.653755358860188,
            -2.3108263385116365,
            3.690239589319699e-05
        ],
        [
            -5.170138248808524,
            -1.6061881221228798,
            1.4142535151929414,
            -1.5519939341415994,
            -2.6014801986141207,
            -4.21365588786953e-05
        ]
    ],
    "base_poses": [
        [
            [
                0.22385687680001354,
                -0.7640399659361616,
                0.0
            ],
            [
                0.0,
                0.0,
                -0.10562748995898413,
                0.9944057689720855
            ]
        ],
        [
            [
                0.2325182952297007,
                -0.3281925832955024,
                0.0
            ],
            [
                -0.0,
                -0.0,
                0.7657906239741085,
                0.643089978333783
            ]
        ],
        [
            [
                -0.28481489178633523,
                -0.6141734399495514,
                0.0
            ],
            [
                0.0,
                0.0,
                -0.19749689198199954,
                0.9803035130292304
            ]
        ],
        [
            [
                -0.43704951578156115,
                0.2195787474351938,
                0.0
            ],
            [
                0.0,
                0.0,
                0.8689772533790158,
                0.49485203153049895
            ]
        ]
    ],
    "difficulty": 0.8151591997745844,
    "dynamic_speed": null
}