{
    "target_eff_poses": [
        [
            [
                0.2706698477268219,
                -0.49180158972740173,
                0.3186902403831482
            ],
            [
                0.7838397026062012,
                0.22306884825229645,
                -0.5679351687431335,
                0.11526191979646683
            ]
        ],
        [
            [
                -0.38283270597457886,
                0.7089362740516663,
                0.5354264378547668
            ],
            [
                -0.23604676127433777,
                0.5547217726707458,
                -0.020251765847206116,
                0.7975935935974121
            ]
        ],
        [
            [
                -0.5156979560852051,
                -0.9300459027290344,
                0.27269622683525085
            ],
            [
                0.7321409583091736,
                -0.5376336574554443,
                -0.334444522857666,
                0.25113075971603394
            ]
        ],
        [
            [
                -0.17221835255622864,
                0.6561731696128845,
                0.7625741362571716
            ],
            [
                -0.2880040109157562,
                0.14563725888729095,
                0.8212501406669617,
                0.4705227017402649
            ]
        ]
    ],
    "start_goal_config": [
        null,
        null,
        null,
        null
    ],
    "start_config": [
        [
            -4.606011156584976,
            -1.9116484527203457,
            2.170167559871785,
            -1.2263804122213708,
            -2.2389944985308303,
            1.9011505427831235e-05
        ],
        [
            -3.637611185751704,
            -2.335241051797788,
            1.453078623031263,
            -1.4297273067769976,
            -2.0537150320308513,
            2.921792592868983e-05
        ],
        [
            -4.667358945781344,
            -1.746141611301506,
            1.289901566701246,
            -1.6389396752065297,
            -2.1538745276190423,
            3.2036583150502865e-05
        ],
        [
            -3.1421244376613604,
            -2.844911845573346,
            1.982666426283864,
            -0.9639780094773747,
            -2.0018916376212657,
            5.19699803962553e-07
        ]
    ],
    "goal_config": [
        [
            -2.9903843015337785,
            -2.214872462304656,
            2.104557143197657,
            -1.1259451656885862,
            -1.6478183035642588,
            1.0315784939582694e-05
        ],
        [
            -4.062922756286659,
            -2.151608916805503,
            1.6780117652085293,
            -1.3738332723794697,
            -1.9985024892037773,
            2.821351225044663e-05
        ],
        [
            -1.6237688207052068,
            -2.3479746211852532,
            2.422856881451674,
            -0.937869955224708,
            -0.2933326592089438,
            -1.3385661676240688e-05
        ],
        [
            -3.318301937865652,
            -1.8368420856530434,
            1.0855374910809577,
            -1.7330554019553441,
            -1.6229103660965207,
            9.83248098564392e-06
        ]
    ],
    "base_poses": [
        [
            [
                0.38632012560913376,
                -0.32032708798572784,
                0.0
            ],
            [
                -0.0,
                -0.0,
                0.1624208730170054,
                0.9867215716748032
            ]
        ],
        [
            [
                -0.5849431220018669,
                0.5695254102751466,
                0.0
            ],
            [
                0.0,
                0.0,
                -0.7966026692568181,
                0.6045032566768458
            ]
        ],
        [
            [
                -0.3776121679437683,
                -0.6949623445574007,
                0.0
            ],
            [
                0.0,
                0.0,
                -0.6842524068788594,
                0.7292452561933385
            ]
        ],
        [
            [
                0.09781723010159649,
                0.4322640318571249,
                0.0
            ],
            [
                0.0,
                0.0,
                -0.39481593980864377,
                0.9187602373160353
            ]
        ]
    ],
    "difficulty": 0.6979215649393398,
    "dynamic_speed": null
}