{
    "target_eff_poses": [
        [
            [
                0.02878541685640812,
                0.8054080009460449,
                0.12162201851606369
            ],
            [
                0.810722291469574,
                -0.4111941158771515,
                -0.41666439175605774,
                -0.006289304234087467
            ]
        ],
        [
            [
                1.0018800497055054,
                0.7244389057159424,
                0.3173731565475464
            ],
            [
                0.24116922914981842,
                0.7801453471183777,
                -0.023008933290839195,
                0.5767852067947388
            ]
        ]
    ],
    "start_goal_config": [
        null,
        null
    ],
    "start_config": [
        [
            -3.0463039481651686,
            -2.5793507236873205,
            1.0959959580723275,
            -1.5380005912112944,
            -1.4911776076686398,
            -5.128647187947122e-06
        ],
        [
            -3.390387470842674,
            -1.2087910581305714,
            1.176136920142794,
            -1.8302168340105978,
            -1.5894758298835763,
            4.640302282018464e-06
        ]
    ],
    "goal_config": [
        [
            -1.8857473458174254,
            -1.3465881978420304,
            1.9782564278196157,
            -1.491309838965493,
            -1.1165168356419426,
            -1.810604048275691e-05
        ],
        [
            -2.2824921164322314,
            -2.2271458123518104,
            2.1210750589881924,
            -1.1246283053720203,
            -1.310851715034231,
            -6.818223868826939e-08
        ]
    ],
    "base_poses": [
        [
            [
                0.46592346303458854,
                0.7631340046953639,
                0.0
            ],
            [
                0.0,
                0.0,
                -0.7644406795836454,
                0.6446940727179788
            ]
        ],
        [
            [
                0.7865328279896888,
                0.6493356850972658,
                0.0
            ],
            [
                -0.0,
                -0.0,
                0.8256781192318361,
                0.5641415101034295
            ]
        ]
    ],
    "difficulty": 0.39894158355383674
}