{
    "target_eff_poses": [
        [
            [
                0.9301968812942505,
                0.4820573329925537,
                0.3843894600868225
            ],
            [
                -0.42568033933639526,
                -0.33545729517936707,
                0.7052474021911621,
                -0.4570457637310028
            ]
        ],
        [
            [
                0.11287781596183777,
                -0.6439462304115295,
                0.33726274967193604
            ],
            [
                0.3803441822528839,
                0.6869999170303345,
                -0.3206944167613983,
                0.5296456217765808
            ]
        ],
        [
            [
                -0.3961943984031677,
                0.47722527384757996,
                0.2902166545391083
            ],
            [
                0.7216573357582092,
                -0.12885913252830505,
                -0.6739568114280701,
                -0.09158685058355331
            ]
        ],
        [
            [
                0.3487308919429779,
                -0.40909117460250854,
                0.3464127779006958
            ],
            [
                0.6555280685424805,
                0.45136758685112,
                -0.5796342492103577,
                -0.1748555302619934
            ]
        ]
    ],
    "start_goal_config": [
        null,
        null,
        null,
        null
    ],
    "start_config": [
        [
            -3.385230968726257,
            -2.789514822346852,
            1.9735904548482976,
            -1.0133760383406514,
            -2.2075310619001227,
            1.6200889893220105e-05
        ],
        [
            -3.1789513129336866,
            -2.845970937128213,
            2.069103531876041,
            -0.8877732156689525,
            -2.023138469954746,
            1.4141140944270707e-05
        ],
        [
            -4.8559801751075975,
            -1.6225015644869225,
            1.66561976980786,
            -1.50848693786631,
            -2.2010063419781236,
            3.243151946578403e-05
        ],
        [
            -2.726416649171992,
            -1.6076471921162034,
            1.470311617237464,
            -1.6060175879228535,
            -1.4506004831081052,
            -1.299007105564456e-06
        ]
    ],
    "goal_config": [
        [
            -2.7928885876144607,
            -3.115820562828986,
            1.932638957981768,
            -0.8128425298891033,
            -1.6631954771298552,
            1.9996729406455824e-06
        ],
        [
            -2.8205331616000384,
            -2.421717964626417,
            2.120692344761163,
            -1.0343399364876351,
            -1.6096152428244774,
            1.2587132852284549e-06
        ],
        [
            -3.071415747905363,
            -1.2940965303618193,
            1.476558028377664,
            -1.6783989552248104,
            -1.5291655049604516,
            1.1783115364596021e-06
        ],
        [
            -4.084789096774338,
            -2.5766919023766763,
            2.230028027175868,
            -0.9539474377306967,
            -2.4667816897038897,
            1.3443961584413342e-05
        ]
    ],
    "base_poses": [
        [
            [
                0.7940583426477408,
                0.3837336339771473,
                0.0
            ],
            [
                -0.0,
                -0.0,
                0.43213736172723466,
                0.9018077958187238
            ]
        ],
        [
            [
                -0.03553639695143862,
                -0.5944229086150904,
                0.0
            ],
            [
                -0.0,
                -0.0,
                0.7740614394121276,
                0.6331104864202023
            ]
        ],
        [
            [
                0.19718437332684535,
                0.40635794808420367,
                0.0
            ],
            [
                0.0,
                0.0,
                -0.1898115088629298,
                0.9818205493384103
            ]
        ],
        [
            [
                0.4220913192870803,
                -0.3775641446141643,
                0.0
            ],
            [
                -0.0,
                -0.0,
                0.5864042053273847,
                0.8100185849561469
            ]
        ]
    ],
    "difficulty": 0.5703236311825768
}