{
    "target_eff_poses": [
        [
            [
                -0.8335001468658447,
                -0.38819414377212524,
                0.6008280515670776
            ],
            [
                -0.1767202764749527,
                0.2656867504119873,
                0.6402929425239563,
                0.6987169981002808
            ]
        ]
    ],
    "start_goal_config": [
        null
    ],
    "start_config": [
        [
            -3.970590500282502,
            -1.5385335737532349,
            1.8314836564223302,
            -1.4688068086930275,
            -1.8174555370633123,
            2.9272374488902555e-05
        ]
    ],
    "goal_config": [
        [
            -2.9392655389919415,
            -2.803658175029644,
            1.5468257211730831,
            -1.2352150207566404,
            -1.4159346065572536,
            -1.3044953451465055e-05
        ]
    ],
    "base_poses": [
        [
            [
                -0.6792301626384932,
                -0.30238410964448337,
                0.0
            ],
            [
                0.0,
                0.0,
                -0.8455526001161818,
                0.5338921243442013
            ]
        ]
    ],
    "difficulty": 0.0,
    "dynamic_speed": null,
    "ur5_count": 1,
    "id": "135151",
    "task_path": "/home/hqh2101/workspace-sharing-multiarm/src/data/8f14d7-hard-vlo-tasks/135151.json"
}