{
    "target_eff_poses": [
        [
            [
                1.1642993688583374,
                0.0700397714972496,
                0.21411359310150146
            ],
            [
                -0.20224905014038086,
                0.8452883362770081,
                -0.05176771804690361,
                0.49183642864227295
            ]
        ],
        [
            [
                0.5899168848991394,
                0.17222926020622253,
                0.21609780192375183
            ],
            [
                0.27199459075927734,
                0.8404122591018677,
                -0.09023081511259079,
                0.45998328924179077
            ]
        ],
        [
            [
                0.2643704116344452,
                -0.8592836856842041,
                0.3697284758090973
            ],
            [
                0.7656903862953186,
                0.04357541352510452,
                -0.2908081114292145,
                0.5720579028129578
            ]
        ],
        [
            [
                0.46584415435791016,
                -0.6394244432449341,
                0.2954758107662201
            ],
            [
                -0.4524751603603363,
                0.7369759678840637,
                0.4963626563549042,
                0.07587379217147827
            ]
        ]
    ],
    "start_goal_config": [
        null,
        null,
        null,
        null
    ],
    "start_config": [
        [
            -3.091139854654938,
            -1.4180867921520626,
            1.109831298369367,
            -1.8152192310200437,
            -1.5169327265191488,
            8.231373634224491e-07
        ],
        [
            -3.718464255605744,
            -1.8081609083472638,
            2.2808846019968736,
            -1.1844534416489718,
            -1.8752806491552547,
            1.6815582838687552e-17
        ],
        [
            -3.080160629747145,
            -2.784852513910828,
            2.1498107159575475,
            -0.8232638576416754,
            -1.9094352097501521,
            -1.2406678457514038e-08
        ],
        [
            -4.5372811349061415,
            -2.2765342592498965,
            2.144631730578389,
            -1.1218340818360515,
            -2.4548488013794154,
            5.163095309398016e-06
        ]
    ],
    "goal_config": [
        [
            -4.196882092757499,
            -1.5654789570013345,
            1.9477407484724147,
            -1.4168928512684729,
            -1.9104996108704475,
            2.8475444216396097e-05
        ],
        [
            -2.5972634722478047,
            -1.70935613654845,
            2.0581075741760517,
            -1.3245005981881608,
            -1.4514927534597988,
            1.4334666022183674e-07
        ],
        [
            -1.2009623943781662,
            -1.4183759958612587,
            1.5679034261720208,
            -1.5430156524636622,
            -0.527159372725183,
            -2.2966902285295714e-05
        ],
        [
            -1.6475143957320832,
            -2.098803449157438,
            2.2033918279984115,
            -1.1567041755495595,
            -0.7023077796390584,
            -1.135002637030833e-08
        ]
    ],
    "base_poses": [
        [
            [
                0.7911311984834195,
                -0.045146048001106776,
                0.0
            ],
            [
                0.0,
                0.0,
                -0.8294623582887296,
                0.5585626161694844
            ]
        ],
        [
            [
                0.2531738176797793,
                0.2166038489286337,
                0.0
            ],
            [
                -0.0,
                -0.0,
                0.8650642590898788,
                0.5016610684967285
            ]
        ],
        [
            [
                0.2761039021220375,
                -0.2812566735293752,
                0.0
            ],
            [
                0.0,
                0.0,
                -0.38171650137850505,
                0.9242794558873164
            ]
        ],
        [
            [
                0.7419855154069483,
                -0.7580306320248834,
                0.0
            ],
            [
                0.0,
                0.0,
                0.9718520925829839,
                -0.23559182953166113
            ]
        ]
    ],
    "difficulty": 0.8555440609423492,
    "dynamic_speed": null
}