{
    "target_eff_poses": [
        [
            [
                0.3072027266025543,
                0.8251743912696838,
                0.15658073127269745
            ],
            [
                0.9060585498809814,
                -0.20234331488609314,
                -0.3115886151790619,
                -0.2025527060031891
            ]
        ],
        [
            [
                0.75337153673172,
                -0.2506917417049408,
                0.4670534133911133
            ],
            [
                0.014202128164470196,
                0.627640962600708,
                -0.0010615799110382795,
                0.7783726453781128
            ]
        ],
        [
            [
                -0.912248432636261,
                0.10945160686969757,
                0.6242187023162842
            ],
            [
                -0.46615615487098694,
                -0.08315518498420715,
                0.8752733469009399,
                -0.09838777035474777
            ]
        ]
    ],
    "start_goal_config": [
        null,
        null,
        null
    ],
    "start_config": [
        [
            -3.3632302766954747,
            -1.4302408185894366,
            1.8825859046162274,
            -1.4745464272612052,
            -1.6438368736033748,
            9.804259480422081e-06
        ],
        [
            -3.007930726040411,
            -2.0509588085362527,
            1.1714052675029538,
            -1.639526062091261,
            -1.5265562000881636,
            1.4877950705592328e-06
        ],
        [
            -2.7860386455405513,
            -1.0257061334805428,
            1.5252267647488975,
            -1.722193765016747,
            -1.441291078027743,
            -5.3454863203297985e-06
        ]
    ],
    "goal_config": [
        [
            -4.06633190164101,
            -1.6209376342856352,
            2.169311598218174,
            -1.3099104270034696,
            -1.927474849731428,
            2.554130935568645e-05
        ],
        [
            -3.0953926500120583,
            -1.5826511173996698,
            1.4293221623764492,
            -1.6308110389555401,
            -1.549537641947257,
            5.0946634163290655e-06
        ],
        [
            -3.104297935791865,
            -2.267978276144429,
            1.5253960605597483,
            -1.412454041595748,
            -1.6353921612005795,
            9.096866200137591e-06
        ]
    ],
    "base_poses": [
        [
            [
                0.5560248872633304,
                0.6621163206768939,
                0.0
            ],
            [
                -0.0,
                -0.0,
                0.0642735591256323,
                0.9979323171424622
            ]
        ],
        [
            [
                0.2481995994577928,
                -0.3505197312154783,
                0.0
            ],
            [
                0.0,
                0.0,
                0.9993843643131795,
                0.03508407568031695
            ]
        ],
        [
            [
                -0.7811885443044295,
                0.25344562216991595,
                0.0
            ],
            [
                -0.0,
                -0.0,
                0.125261231236866,
                0.9921237946693066
            ]
        ]
    ],
    "difficulty": 0.2943665945640929,
    "dynamic_speed": null,
    "ur5_count": 3,
    "id": "135181",
    "task_path": "/home/hqh2101/workspace-sharing-multiarm/src/data/8f14d7-hard-vlo-tasks/135181.json"
}