{
    "target_eff_poses": [
        [
            [
                -0.38630765676498413,
                0.6789888739585876,
                0.7458023428916931
            ],
            [
                -0.044289931654930115,
                0.3373981714248657,
                -0.17847272753715515,
                0.9232271313667297
            ]
        ],
        [
            [
                -0.12103188782930374,
                0.3312763571739197,
                0.5611090064048767
            ],
            [
                0.06781347095966339,
                0.5602859854698181,
                -0.001946354634128511,
                0.8255163431167603
            ]
        ],
        [
            [
                0.009521166794002056,
                0.0625048354268074,
                0.6189640760421753
            ],
            [
                -0.3552694618701935,
                0.011028764769434929,
                0.8794825077056885,
                0.31650054454803467
            ]
        ]
    ],
    "start_goal_config": [
        null,
        null,
        null
    ],
    "start_config": [
        [
            -2.1610911470962595,
            -1.1936054208711153,
            1.7220507042569329,
            -1.6101152522751132,
            -1.2610983643276619,
            -1.812385233110425e-05
        ],
        [
            -2.933538515535351,
            -2.8491155091395193,
            1.6455355113201973,
            -1.180850047850986,
            -2.31542416452183,
            1.4731404711169033e-06
        ],
        [
            -3.0341483081936627,
            -2.4752576645092232,
            2.0347949687930518,
            -1.074631498593683,
            -1.708629966370086,
            1.1658157411699487e-05
        ]
    ],
    "goal_config": [
        [
            -3.7015669778154794,
            -2.1025697079360577,
            1.2454056118227548,
            -1.5899615091951804,
            -1.8923109727300789,
            2.96072760019646e-05
        ],
        [
            -2.694929589628417,
            -2.1347372932577735,
            1.6035544905988284,
            -1.411056515012283,
            -1.4527052241867744,
            -3.135833074089467e-06
        ],
        [
            -3.0115772138153734,
            -2.6919982128804865,
            1.5513867644898893,
            -1.2742022535164113,
            -1.8852283539122416,
            2.2588501531220204e-05
        ]
    ],
    "base_poses": [
        [
            [
                -0.5866629171095928,
                0.6229097377377986,
                0.0
            ],
            [
                0.0,
                0.0,
                0.9689641101508305,
                -0.24720144263254037
            ]
        ],
        [
            [
                -0.3805070787648852,
                0.23789262805200306,
                0.0
            ],
            [
                0.0,
                0.0,
                0.9597358677422346,
                0.28090401237622065
            ]
        ],
        [
            [
                -0.024560989267753186,
                0.1501124572001935,
                0.0
            ],
            [
                0.0,
                0.0,
                -0.2505315609694206,
                0.9681084324383429
            ]
        ]
    ],
    "difficulty": 0.9193199962430731,
    "dynamic_speed": null
}