{
    "target_eff_poses": [
        [
            [
                0.11509055644273758,
                -0.3199560046195984,
                0.743765115737915
            ],
            [
                -0.09614195674657822,
                0.2406546175479889,
                0.010722490027546883,
                0.9657779932022095
            ]
        ],
        [
            [
                0.9621999859809875,
                -0.0018891245126724243,
                0.7332727909088135
            ],
            [
                0.02479504607617855,
                0.37348178029060364,
                0.32018351554870605,
                0.8702752590179443
            ]
        ],
        [
            [
                -0.12540921568870544,
                0.2278163731098175,
                0.44489312171936035
            ],
            [
                0.2284955382347107,
                0.6254199743270874,
                -0.348966509103775,
                0.6594406962394714
            ]
        ]
    ],
    "start_goal_config": [
        null,
        null,
        null
    ],
    "start_config": [
        [
            -3.4163017402142244,
            -2.1246443114333444,
            2.1609268273070144,
            -1.126375574022871,
            -1.7973000411547846,
            -1.1598674891684924e-07
        ],
        [
            -2.4590261816914984,
            -1.5160505258037476,
            1.195074392024955,
            -1.7504728072669336,
            -1.3415859126076062,
            -8.73302844838843e-06
        ],
        [
            -4.186239806770359,
            -1.5119416837066755,
            1.7266772071319985,
            -1.5200038311531527,
            -1.873849533316846,
            2.5387958167069046e-05
        ]
    ],
    "goal_config": [
        [
            -3.179148507116871,
            -2.4301593255685225,
            1.2934201880674658,
            -1.480563059387499,
            -1.939808616064848,
            2.3534333411220455e-05
        ],
        [
            -2.2736067616786215,
            -1.9539096104763884,
            1.2147693527564052,
            -1.6351507893821349,
            -1.1519448849926077,
            -2.0565894359476923e-05
        ],
        [
            -3.1080772356892865,
            -2.4179053344856833,
            1.9076922992031522,
            -1.174103632069855,
            -1.7072386757427742,
            1.0590193858546947e-05
        ]
    ],
    "base_poses": [
        [
            [
                0.14308316323838688,
                -0.3757577904357833,
                0.0
            ],
            [
                0.0,
                0.0,
                0.9771065633468875,
                -0.21275047324138907
            ]
        ],
        [
            [
                0.7372135655779937,
                -0.23699701969700782,
                0.0
            ],
            [
                0.0,
                0.0,
                0.9579914003835451,
                0.28679692604903234
            ]
        ],
        [
            [
                -0.2820317196580622,
                0.26491600861196973,
                0.0
            ],
            [
                0.0,
                0.0,
                0.9067627804706004,
                0.4216411506876739
            ]
        ]
    ],
    "difficulty": 0.7198344775698298,
    "dynamic_speed": null
}